2026-06-22 15:39:21,520 [INFO] Activator:176 - 


2026-06-22 15:39:21,521 [INFO] Activator:177 - !SESSION log4j initialized
2026-06-22 15:39:23,966 [INFO] LogOutputStream:77 - [STDOUT_REDIRECT] 
2026-06-22 15:39:25,572 [INFO] ApplicationProperties:184 - Using Application install path: C:\ST\STM32CubeIDE_1.19.0\STM32CubeIDE\plugins\com.st.stm32cube.common.mx_6.15.0.202507011659
2026-06-22 15:39:25,591 [INFO] DbMcusXml:78 - Set database path to: C:\ST\STM32CubeIDE_1.19.0\STM32CubeIDE\plugins\com.st.stm32cube.common.mx_6.15.0.202507011659\\db\/mcu/
2026-06-22 15:39:25,591 [INFO] ApiDb:274 - Set plugin database path to: C:\ST\STM32CubeIDE_1.19.0\STM32CubeIDE\plugins\com.st.stm32cube.common.mx_6.15.0.202507011659\\db\/plugins/boardmanager/
2026-06-22 15:39:25,592 [WARN] ApiDb:259 - Overriding images path with different value:  => C:\ST\STM32CubeIDE_1.19.0\STM32CubeIDE\plugins\com.st.stm32cube.common.mx_6.15.0.202507011659\\db\/plugins/mcufinder/images/
2026-06-22 15:39:25,599 [INFO] ApiDb:250 - Set database path to: C:\Users\razab\.stmcufinder\plugins\mcufinder//mcu/
2026-06-22 15:39:25,600 [INFO] DbMcusAds:125 - Set database path to: C:\Users\razab\.stmcufinder\plugins\mcufinder//mcu/
2026-06-22 15:39:25,602 [INFO] CrossReferenceDbSqlite:203 - Set database path to: C:\Users\razab\.stmcufinder\plugins\mcufinder//mcu/cs/
2026-06-22 15:39:25,719 [INFO] RulesReader:64 - Compatibility file has been processed (317 Rules)
2026-06-22 15:39:25,801 [INFO] DbMcusXml:78 - Set database path to: C:\ST\STM32CubeIDE_1.19.0\STM32CubeIDE\plugins\com.st.stm32cube.common.mx_6.15.0.202507011659\\db\/mcu/
2026-06-22 15:39:25,801 [INFO] ApiDb:274 - Set plugin database path to: C:\ST\STM32CubeIDE_1.19.0\STM32CubeIDE\plugins\com.st.stm32cube.common.mx_6.15.0.202507011659\\db\/plugins/boardmanager/
2026-06-22 15:39:25,802 [INFO] ApiDb:261 - Set plugin images path to: C:\ST\STM32CubeIDE_1.19.0\STM32CubeIDE\plugins\com.st.stm32cube.common.mx_6.15.0.202507011659\\db\/plugins/mcufinder/images/
2026-06-22 15:39:25,802 [WARN] DbFile:41 - Overriding database path with different value: C:\Users\razab\.stmcufinder\plugins\mcufinder/ => C:\Users\razab\.stmcufinder\plugins\mcufinder
2026-06-22 15:39:25,802 [INFO] ApiDb:250 - Set database path to: C:\Users\razab\.stmcufinder\plugins\mcufinder//mcu/
2026-06-22 15:39:25,802 [WARN] DbFile:41 - Overriding database path with different value: C:\Users\razab\.stmcufinder\plugins\mcufinder/ => C:\Users\razab\.stmcufinder\plugins\mcufinder
2026-06-22 15:39:25,802 [INFO] DbMcusAds:125 - Set database path to: C:\Users\razab\.stmcufinder\plugins\mcufinder//mcu/
2026-06-22 15:39:25,803 [WARN] DbFile:41 - Overriding database path with different value: C:\Users\razab\.stmcufinder\plugins\mcufinder/ => C:\Users\razab\.stmcufinder\plugins\mcufinder
2026-06-22 15:39:25,803 [WARN] DbFile:41 - Overriding database path with different value: C:\Users\razab\.stmcufinder\plugins\mcufinder/ => C:\Users\razab\.stmcufinder\plugins\mcufinder
2026-06-22 15:39:25,803 [INFO] CrossReferenceDbSqlite:203 - Set database path to: C:\Users\razab\.stmcufinder\plugins\mcufinder//mcu/cs/
2026-06-22 15:39:25,908 [INFO] MainPanel:274 - HeapMemory: 268435456
2026-06-22 15:39:26,045 [INFO] DbMcusXml:78 - Set database path to: C:\ST\STM32CubeIDE_1.19.0\STM32CubeIDE\plugins\com.st.stm32cube.common.mx_6.15.0.202507011659\\db\/mcu/
2026-06-22 15:39:26,045 [INFO] ApiDb:274 - Set plugin database path to: C:\ST\STM32CubeIDE_1.19.0\STM32CubeIDE\plugins\com.st.stm32cube.common.mx_6.15.0.202507011659\\db\/plugins/boardmanager/
2026-06-22 15:39:26,045 [INFO] ApiDb:261 - Set plugin images path to: C:\ST\STM32CubeIDE_1.19.0\STM32CubeIDE\plugins\com.st.stm32cube.common.mx_6.15.0.202507011659\\db\/plugins/mcufinder/images/
2026-06-22 15:39:26,045 [WARN] DbFile:41 - Overriding database path with different value: C:\Users\razab\.stmcufinder\plugins\mcufinder/ => C:\Users\razab\.stmcufinder\plugins\mcufinder
2026-06-22 15:39:26,045 [INFO] ApiDb:250 - Set database path to: C:\Users\razab\.stmcufinder\plugins\mcufinder//mcu/
2026-06-22 15:39:26,046 [WARN] DbFile:41 - Overriding database path with different value: C:\Users\razab\.stmcufinder\plugins\mcufinder/ => C:\Users\razab\.stmcufinder\plugins\mcufinder
2026-06-22 15:39:26,046 [INFO] DbMcusAds:125 - Set database path to: C:\Users\razab\.stmcufinder\plugins\mcufinder//mcu/
2026-06-22 15:39:26,046 [WARN] DbFile:41 - Overriding database path with different value: C:\Users\razab\.stmcufinder\plugins\mcufinder/ => C:\Users\razab\.stmcufinder\plugins\mcufinder
2026-06-22 15:39:26,046 [WARN] DbFile:41 - Overriding database path with different value: C:\Users\razab\.stmcufinder\plugins\mcufinder/ => C:\Users\razab\.stmcufinder\plugins\mcufinder
2026-06-22 15:39:26,046 [INFO] CrossReferenceDbSqlite:203 - Set database path to: C:\Users\razab\.stmcufinder\plugins\mcufinder//mcu/cs/
2026-06-22 15:39:26,067 [INFO] ApplicationProperties:184 - Using Application install path: C:\ST\STM32CubeIDE_1.19.0\STM32CubeIDE\plugins\com.st.stm32cube.common.mx_6.15.0.202507011659
2026-06-22 15:39:26,068 [INFO] PluginManage:196 - Search for loadable plugins [exclusion list=, ]
2026-06-22 15:39:26,070 [INFO] PluginManage:310 - Check plugin analytics
2026-06-22 15:39:26,311 [INFO] AnalyticsPlugin:253 - Accepted Software Licenses: 
2026-06-22 15:39:26,311 [INFO] AnalyticsPlugin:255 - Accepted CMSIS Pack Licenses: 
2026-06-22 15:39:26,312 [INFO] AnalyticsPlugin:257 - Accepted Firmware Licenses: FW.L4.1.18.0
2026-06-22 15:39:26,317 [INFO] PluginManage:359 - Loaded plugin analytics (category:tool,tabindex:-1)
2026-06-22 15:39:26,317 [INFO] PluginManage:310 - Check plugin cadmodel
2026-06-22 15:39:26,325 [INFO] CADModel:105 - Init CAD model plugin
2026-06-22 15:39:26,326 [INFO] PluginManage:359 - Loaded plugin cadmodel (category:power,tabindex:5)
2026-06-22 15:39:26,326 [INFO] PluginManage:310 - Check plugin clock
2026-06-22 15:39:26,339 [INFO] PluginManage:359 - Loaded plugin clock (category:base,tabindex:2)
2026-06-22 15:39:26,339 [INFO] PluginManage:310 - Check plugin ddr
2026-06-22 15:39:26,345 [INFO] PluginManage:359 - Loaded plugin ddr (category:tool,tabindex:6)
2026-06-22 15:39:26,345 [INFO] PluginManage:310 - Check plugin filemanager
2026-06-22 15:39:26,519 [INFO] PluginManage:359 - Loaded plugin filemanager (category:base,tabindex:10)
2026-06-22 15:39:26,520 [INFO] PluginManage:310 - Check plugin ipmanager
2026-06-22 15:39:26,526 [INFO] PluginManage:359 - Loaded plugin ipmanager (category:base,tabindex:5)
2026-06-22 15:39:26,527 [INFO] PluginManage:310 - Check plugin lpbam
2026-06-22 15:39:26,536 [INFO] PluginManage:359 - Loaded plugin lpbam (category:base,tabindex:0)
2026-06-22 15:39:26,536 [INFO] PluginManage:310 - Check plugin memorymap
2026-06-22 15:39:26,557 [INFO] PluginManage:359 - Loaded plugin memorymap (category:base,tabindex:4)
2026-06-22 15:39:26,558 [INFO] PluginManage:310 - Check plugin pinoutandconfiguration
2026-06-22 15:39:26,566 [INFO] PluginManage:359 - Loaded plugin pinoutandconfiguration (category:base,tabindex:1)
2026-06-22 15:39:26,566 [INFO] PluginManage:310 - Check plugin pinoutconfig
2026-06-22 15:39:26,669 [WARN] SupportedApi:132 - Cannot load RTOS API schema: s4s-elt-must-match.1: The content of 'definitions' must match (annotation?, (simpleType | complexType)?, (unique | key | keyref)*)). A problem was found starting at: attribute.
2026-06-22 15:39:26,824 [INFO] PluginManage:359 - Loaded plugin pinoutconfig (category:base,tabindex:0)
2026-06-22 15:39:26,824 [INFO] PluginManage:310 - Check plugin power
2026-06-22 15:39:26,832 [INFO] PluginManage:359 - Loaded plugin power (category:power,tabindex:4)
2026-06-22 15:39:26,832 [INFO] PluginManage:310 - Check plugin projectmanager
2026-06-22 15:39:26,850 [INFO] PluginManage:359 - Loaded plugin projectmanager (category:projectmanager,tabindex:4)
2026-06-22 15:39:26,850 [INFO] PluginManage:310 - Check plugin rif
2026-06-22 15:39:26,865 [INFO] PluginManage:359 - Loaded plugin rif (category:base,tabindex:3)
2026-06-22 15:39:26,865 [INFO] PluginManage:310 - Check plugin thirdparty
2026-06-22 15:39:26,999 [INFO] PluginManage:359 - Loaded plugin thirdparty (category:base,tabindex:-1)
2026-06-22 15:39:26,999 [WARN] IntegrityCheckThread:84 - waiting for thirdparty lock release [integrity check]
2026-06-22 15:39:27,000 [INFO] PluginManage:310 - Check plugin tools
2026-06-22 15:39:27,000 [INFO] IntegrityCheckThread:86 - entering critical section [integrity check]
2026-06-22 15:39:27,000 [INFO] ThirdPartyUpdaterWithRetryManager:70 - Updater plugin not ready yet. [1/15]
2026-06-22 15:39:27,002 [INFO] PluginManage:359 - Loaded plugin tools (category:base,tabindex:7)
2026-06-22 15:39:27,002 [INFO] PluginManage:310 - Check plugin tutovideos
2026-06-22 15:39:27,260 [INFO] PluginManage:359 - Loaded plugin tutovideos (category:base,tabindex:-1)
2026-06-22 15:39:27,260 [INFO] PluginManage:310 - Check plugin updater
2026-06-22 15:39:27,282 [INFO] PluginManage:359 - Loaded plugin updater (category:base,tabindex:12)
2026-06-22 15:39:27,282 [INFO] PluginManage:310 - Check plugin userauth
2026-06-22 15:39:27,285 [INFO] UserAuth:118 - Init User Auth plugin
2026-06-22 15:39:27,286 [INFO] PluginManage:359 - Loaded plugin userauth (category:base,tabindex:14)
2026-06-22 15:39:27,286 [INFO] PluginManage:283 - PluginManage : Loaded plugins [18]
2026-06-22 15:39:27,505 [INFO] PinOutPanel:1589 - setPackage(No Configuration,No Configuration)
2026-06-22 15:39:27,608 [INFO] CADModel:165 - CPN selected for project level
2026-06-22 15:39:27,609 [INFO] CADModel:114 - Register for checkConnection events
2026-06-22 15:39:27,624 [INFO] IPUIPlugin:80 - create IPUIPlugin
2026-06-22 15:39:27,625 [INFO] PluginManager:220 - loadIPPluginJar : add adc
2026-06-22 15:39:27,627 [INFO] IPUIPlugin:80 - create IPUIPlugin
2026-06-22 15:39:27,627 [INFO] PluginManager:220 - loadIPPluginJar : add aes
2026-06-22 15:39:27,630 [INFO] IPUIPlugin:80 - create IPUIPlugin
2026-06-22 15:39:27,630 [INFO] PluginManager:220 - loadIPPluginJar : add can
2026-06-22 15:39:27,633 [INFO] IPUIPlugin:80 - create IPUIPlugin
2026-06-22 15:39:27,633 [INFO] PluginManager:220 - loadIPPluginJar : add comp
2026-06-22 15:39:27,635 [INFO] IPUIPlugin:80 - create IPUIPlugin
2026-06-22 15:39:27,635 [INFO] PluginManager:220 - loadIPPluginJar : add cryp
2026-06-22 15:39:27,639 [INFO] IPUIPlugin:80 - create IPUIPlugin
2026-06-22 15:39:27,640 [INFO] PluginManager:220 - loadIPPluginJar : add ddr_ctrl_phy
2026-06-22 15:39:27,641 [INFO] IPUIPlugin:80 - create IPUIPlugin
2026-06-22 15:39:27,641 [INFO] PluginManager:220 - loadIPPluginJar : add dfsdm
2026-06-22 15:39:27,647 [INFO] IPUIPlugin:80 - create IPUIPlugin
2026-06-22 15:39:27,647 [INFO] PluginManager:220 - loadIPPluginJar : add dma
2026-06-22 15:39:27,649 [INFO] IPUIPlugin:80 - create IPUIPlugin
2026-06-22 15:39:27,649 [INFO] PluginManager:220 - loadIPPluginJar : add dma3
2026-06-22 15:39:27,651 [INFO] IPUIPlugin:80 - create IPUIPlugin
2026-06-22 15:39:27,651 [INFO] PluginManager:220 - loadIPPluginJar : add extmemmanager
2026-06-22 15:39:27,652 [INFO] IPUIPlugin:80 - create IPUIPlugin
2026-06-22 15:39:27,652 [INFO] PluginManager:220 - loadIPPluginJar : add fatfs
2026-06-22 15:39:27,656 [INFO] IPUIPlugin:80 - create IPUIPlugin
2026-06-22 15:39:27,656 [INFO] PluginManager:220 - loadIPPluginJar : add fmc
2026-06-22 15:39:27,661 [INFO] IPUIPlugin:80 - create IPUIPlugin
2026-06-22 15:39:27,661 [INFO] PluginManager:220 - loadIPPluginJar : add freertos
2026-06-22 15:39:27,662 [INFO] IPUIPlugin:80 - create IPUIPlugin
2026-06-22 15:39:27,662 [INFO] PluginManager:220 - loadIPPluginJar : add genericplugin
2026-06-22 15:39:27,664 [INFO] IPUIPlugin:80 - create IPUIPlugin
2026-06-22 15:39:27,664 [INFO] PluginManager:220 - loadIPPluginJar : add gfxmmu
2026-06-22 15:39:27,668 [INFO] IPUIPlugin:80 - create IPUIPlugin
2026-06-22 15:39:27,668 [INFO] PluginManager:220 - loadIPPluginJar : add gic
2026-06-22 15:39:27,671 [INFO] IPUIPlugin:80 - create IPUIPlugin
2026-06-22 15:39:27,671 [INFO] PluginManager:220 - loadIPPluginJar : add gpio
2026-06-22 15:39:27,674 [INFO] IPUIPlugin:80 - create IPUIPlugin
2026-06-22 15:39:27,674 [INFO] PluginManager:220 - loadIPPluginJar : add gtzc
2026-06-22 15:39:27,676 [INFO] IPUIPlugin:80 - create IPUIPlugin
2026-06-22 15:39:27,676 [INFO] PluginManager:220 - loadIPPluginJar : add hash
2026-06-22 15:39:27,678 [INFO] IPUIPlugin:80 - create IPUIPlugin
2026-06-22 15:39:27,678 [INFO] PluginManager:220 - loadIPPluginJar : add i2c
2026-06-22 15:39:27,681 [INFO] IPUIPlugin:80 - create IPUIPlugin
2026-06-22 15:39:27,681 [INFO] PluginManager:220 - loadIPPluginJar : add i2s
2026-06-22 15:39:27,683 [INFO] IPUIPlugin:80 - create IPUIPlugin
2026-06-22 15:39:27,683 [INFO] PluginManager:220 - loadIPPluginJar : add i3c
2026-06-22 15:39:27,686 [INFO] IPUIPlugin:80 - create IPUIPlugin
2026-06-22 15:39:27,687 [INFO] PluginManager:220 - loadIPPluginJar : add ipddr
2026-06-22 15:39:27,693 [INFO] IPUIPlugin:80 - create IPUIPlugin
2026-06-22 15:39:27,694 [INFO] PluginManager:220 - loadIPPluginJar : add linkedlist
2026-06-22 15:39:27,697 [INFO] IPUIPlugin:80 - create IPUIPlugin
2026-06-22 15:39:27,697 [INFO] PluginManager:220 - loadIPPluginJar : add lorawan
2026-06-22 15:39:27,698 [INFO] IPUIPlugin:80 - create IPUIPlugin
2026-06-22 15:39:27,698 [INFO] PluginManager:220 - loadIPPluginJar : add ltdc
2026-06-22 15:39:27,703 [INFO] IPUIPlugin:80 - create IPUIPlugin
2026-06-22 15:39:27,703 [INFO] PluginManager:220 - loadIPPluginJar : add mdma
2026-06-22 15:39:27,706 [INFO] IPUIPlugin:80 - create IPUIPlugin
2026-06-22 15:39:27,706 [INFO] PluginManager:220 - loadIPPluginJar : add nvic
2026-06-22 15:39:27,709 [INFO] IPUIPlugin:80 - create IPUIPlugin
2026-06-22 15:39:27,709 [INFO] PluginManager:220 - loadIPPluginJar : add opamp
2026-06-22 15:39:27,711 [INFO] IPUIPlugin:80 - create IPUIPlugin
2026-06-22 15:39:27,711 [INFO] PluginManager:220 - loadIPPluginJar : add openamp
2026-06-22 15:39:27,714 [INFO] IPUIPlugin:80 - create IPUIPlugin
2026-06-22 15:39:27,714 [INFO] PluginManager:220 - loadIPPluginJar : add pdm2pcm
2026-06-22 15:39:27,718 [INFO] IPUIPlugin:80 - create IPUIPlugin
2026-06-22 15:39:27,720 [INFO] PluginManager:220 - loadIPPluginJar : add plateformsettings
2026-06-22 15:39:27,722 [INFO] IPUIPlugin:80 - create IPUIPlugin
2026-06-22 15:39:27,722 [INFO] PluginManager:220 - loadIPPluginJar : add quadspi
2026-06-22 15:39:27,724 [INFO] IPUIPlugin:80 - create IPUIPlugin
2026-06-22 15:39:27,724 [INFO] PluginManager:220 - loadIPPluginJar : add radio
2026-06-22 15:39:27,727 [INFO] IPUIPlugin:80 - create IPUIPlugin
2026-06-22 15:39:27,727 [INFO] PluginManager:220 - loadIPPluginJar : add resmgrutility
2026-06-22 15:39:27,729 [INFO] IPUIPlugin:80 - create IPUIPlugin
2026-06-22 15:39:27,729 [INFO] PluginManager:220 - loadIPPluginJar : add sai
2026-06-22 15:39:27,731 [INFO] IPUIPlugin:80 - create IPUIPlugin
2026-06-22 15:39:27,732 [INFO] PluginManager:220 - loadIPPluginJar : add spi
2026-06-22 15:39:27,738 [INFO] IPUIPlugin:80 - create IPUIPlugin
2026-06-22 15:39:27,739 [INFO] PluginManager:220 - loadIPPluginJar : add stm32_wpan
2026-06-22 15:39:27,740 [INFO] IPUIPlugin:80 - create IPUIPlugin
2026-06-22 15:39:27,740 [INFO] PluginManager:220 - loadIPPluginJar : add tim
2026-06-22 15:39:27,743 [INFO] IPUIPlugin:80 - create IPUIPlugin
2026-06-22 15:39:27,744 [INFO] PluginManager:220 - loadIPPluginJar : add touchsensing
2026-06-22 15:39:27,746 [INFO] IPUIPlugin:80 - create IPUIPlugin
2026-06-22 15:39:27,746 [INFO] PluginManager:220 - loadIPPluginJar : add tracer_emb
2026-06-22 15:39:27,748 [INFO] IPUIPlugin:80 - create IPUIPlugin
2026-06-22 15:39:27,748 [INFO] PluginManager:220 - loadIPPluginJar : add ts
2026-06-22 15:39:27,749 [INFO] IPUIPlugin:80 - create IPUIPlugin
2026-06-22 15:39:27,750 [INFO] PluginManager:220 - loadIPPluginJar : add tsc
2026-06-22 15:39:27,751 [INFO] IPUIPlugin:80 - create IPUIPlugin
2026-06-22 15:39:27,751 [INFO] PluginManager:220 - loadIPPluginJar : add ucpd
2026-06-22 15:39:27,753 [INFO] IPUIPlugin:80 - create IPUIPlugin
2026-06-22 15:39:27,753 [INFO] PluginManager:220 - loadIPPluginJar : add usart
2026-06-22 15:39:27,756 [INFO] IPUIPlugin:80 - create IPUIPlugin
2026-06-22 15:39:27,756 [INFO] PluginManager:220 - loadIPPluginJar : add usbx
2026-06-22 15:39:27,879 [FATAL] Updater:351 - Updater called before beeing initialized
2026-06-22 15:39:27,906 [INFO] RulesReader:64 - Compatibility file has been processed (317 Rules)
2026-06-22 15:39:27,919 [INFO] RulesReader:64 - Compatibility file has been processed (317 Rules)
2026-06-22 15:39:27,948 [INFO] CADModel:165 - CPN selected for project level
2026-06-22 15:39:27,948 [INFO] CADModel:114 - Register for checkConnection events
2026-06-22 15:39:27,948 [FATAL] Updater:351 - Updater called before beeing initialized
2026-06-22 15:39:27,949 [ERROR] CADModel:125 - Updater not yet initialized, retry later 
2026-06-22 15:39:28,107 [FATAL] Updater:351 - Updater called before beeing initialized
2026-06-22 15:39:28,108 [INFO] CADModel:165 - CPN selected for project level
2026-06-22 15:39:28,109 [INFO] CADModel:114 - Register for checkConnection events
2026-06-22 15:39:28,109 [FATAL] Updater:351 - Updater called before beeing initialized
2026-06-22 15:39:28,109 [ERROR] CADModel:125 - Updater not yet initialized, retry later 
2026-06-22 15:39:28,112 [FATAL] Updater:351 - Updater called before beeing initialized
2026-06-22 15:39:28,227 [FATAL] Updater:351 - Updater called before beeing initialized
2026-06-22 15:39:28,231 [INFO] DbMcusAds:53 - JSON generation date=Thu May 28 19:08:17 IDT 2026 (1779984497073)
2026-06-22 15:39:28,231 [FATAL] Updater:351 - Updater called before beeing initialized
2026-06-22 15:39:28,275 [WARN] DetailPanel:346 - Failed to get advertising image, set to default
2026-06-22 15:39:28,374 [FATAL] Updater:351 - Updater called before beeing initialized
2026-06-22 15:39:28,376 [FATAL] Updater:351 - Updater called before beeing initialized
2026-06-22 15:39:28,376 [FATAL] Updater:351 - Updater called before beeing initialized
2026-06-22 15:39:28,377 [WARN] DetailPanel:346 - Failed to get advertising image, set to default
2026-06-22 15:39:28,377 [FATAL] Updater:351 - Updater called before beeing initialized
2026-06-22 15:39:28,439 [ERROR] Updater:1198 - MainUpdater not yet initialized. External WinMGr cannot be set.
2026-06-22 15:39:28,441 [INFO] Updater:1134 - Updater Version found : 6.15.0
2026-06-22 15:39:28,457 [INFO] ApplicationProperties:184 - Using Application install path: C:\ST\STM32CubeIDE_1.19.0\STM32CubeIDE\plugins\com.st.stm32cube.common.mx_6.15.0.202507011659
2026-06-22 15:39:30,002 [INFO] ThirdPartyUpdaterWithRetryManager:70 - Updater plugin not ready yet. [2/15]
2026-06-22 15:39:30,032 [ERROR] LogOutputStream:75 - [STDERR_REDIRECT] Jun 22, 2026 3:39:30 PM java.util.prefs.WindowsPreferences <init>
2026-06-22 15:39:30,034 [ERROR] LogOutputStream:75 - [STDERR_REDIRECT] WARNING: Could not open/create prefs root node Software\JavaSoft\Prefs at root 0xffffffff80000002. Windows RegCreateKeyEx(...) returned error code 5.
2026-06-22 15:39:30,034 [ERROR] LogOutputStream:75 - [STDERR_REDIRECT] 
2026-06-22 15:39:30,498 [INFO] MainUpdater:2872 - connection check result : 10
2026-06-22 15:39:30,498 [INFO] MainUpdater:3604 - Updater definition file requires update
2026-06-22 15:39:30,499 [INFO] MainUpdater:289 - Updater Check For Update Now.
2026-06-22 15:39:30,499 [INFO] MicroXplorer:498 - Change Database Version : DB.6.0.150
2026-06-22 15:39:30,506 [INFO] McuFinderGlobals:63 - Set McuFinder mode to 2 (CubeIDE integrated)
2026-06-22 15:39:30,507 [INFO] UserAuth:487 - Internet connection configuration mode: 1
2026-06-22 15:39:30,530 [INFO] JxBrowserEngine:152 - Initiate JxBrowser Engine with user profile folder
2026-06-22 15:39:30,661 [INFO] ServerAccessManage:452 - Complete download http(s) 200
2026-06-22 15:39:30,662 [INFO] ServerAccessManage:509 - Download File updaters.zip
2026-06-22 15:39:30,957 [INFO] FileExtend:248 - Unzip File : updaters.zip
2026-06-22 15:39:30,958 [INFO] FileExtend:263 - Standard Zip Deflate
2026-06-22 15:39:31,363 [INFO] ServerAccessManage:452 - Complete download http(s) 200
2026-06-22 15:39:31,365 [INFO] ServerAccessManage:509 - Download File PacksControlFlags.xml
2026-06-22 15:39:31,603 [INFO] ServerAccessManage:452 - Complete download http(s) 200
2026-06-22 15:39:31,604 [INFO] ServerAccessManage:509 - Download File cubemx.pidx
2026-06-22 15:39:32,079 [INFO] ServerAccessManage:452 - Complete download http(s) 200
2026-06-22 15:39:32,079 [INFO] ServerAccessManage:509 - Download File STMicroelectronics.X-CUBE-AI.pdsc
2026-06-22 15:39:33,002 [WARN] MainUpdater:1193 - Updater busy. Cannot search thirdparties
2026-06-22 15:39:33,002 [INFO] ThirdPartyUpdaterWithRetryManager:96 - Updater plugin is busy. [1/15]
2026-06-22 15:39:35,852 [INFO] WebApp:169 - Instantiating new browser for Auth
2026-06-22 15:39:36,004 [WARN] MainUpdater:1193 - Updater busy. Cannot search thirdparties
2026-06-22 15:39:36,004 [INFO] ThirdPartyUpdaterWithRetryManager:96 - Updater plugin is busy. [2/15]
2026-06-22 15:39:36,860 [WARN] PackLoader:240 - Cannot read IP mode file for STMicroelectronics.X-CUBE-AI.10.2.1
2026-06-22 15:39:36,862 [INFO] PopulateThirdPartyThread:66 - Ending populate Thread
2026-06-22 15:39:36,864 [INFO] ThirdParty:1030 - CMSIS Pack Vendor :STMicroelectronics X-CUBE-AI 10.2.1
2026-06-22 15:39:36,864 [INFO] LoadServerUpdatesThread:375 - End of LoadServerUpdate Thread
2026-06-22 15:39:36,899 [INFO] CheckServerUpdateThread:120 - End of CheckServer Thread
2026-06-22 15:39:37,531 [INFO] WebApp:463 - Apply proxy settings
2026-06-22 15:39:37,531 [INFO] WebApp:548 - Chromium requires no authentication
2026-06-22 15:39:37,546 [INFO] WebApp:491 - Direct internet connection detected
2026-06-22 15:39:37,612 [INFO] WebApp:900 - Register for checkConnection events
2026-06-22 15:39:37,612 [INFO] WebApp:463 - Apply proxy settings
2026-06-22 15:39:37,612 [INFO] WebApp:548 - Chromium requires no authentication
2026-06-22 15:39:37,613 [INFO] WebApp:491 - Direct internet connection detected
2026-06-22 15:39:37,813 [INFO] WebApp:225 - Starting web application
2026-06-22 15:39:37,813 [INFO] WebApp:593 - Web application path used C:\ST\STM32CubeIDE_1.19.0\STM32CubeIDE\plugins\com.st.stm32cube.common.mx_6.15.0.202507011659\db\plugins\mcufinder\reactClient1\index.html
2026-06-22 15:39:37,894 [INFO] UserAuth:487 - Internet connection configuration mode: 1
2026-06-22 15:39:38,006 [ERROR] LogOutputStream:75 - [STDERR_REDIRECT] [Fatal Error] :1:1: Premature end of file.
2026-06-22 15:39:38,006 [ERROR] LogOutputStream:75 - [STDERR_REDIRECT] 
2026-06-22 15:39:38,062 [INFO] WebApp:191 - Connection restablished
2026-06-22 15:39:38,990 [ERROR] LogOutputStream:75 - [STDERR_REDIRECT] [Fatal Error] :1:1: Premature end of file.
2026-06-22 15:39:38,991 [ERROR] LogOutputStream:75 - [STDERR_REDIRECT] 
2026-06-22 15:39:39,572 [WARN] PackLoader:240 - Cannot read IP mode file for STMicroelectronics.X-CUBE-AZRTOS-H7.3.5.0
2026-06-22 15:39:39,591 [WARN] PackLoader:240 - Cannot read IP mode file for STMicroelectronics.FP-ATR-ASTRA1.2.0.2
2026-06-22 15:39:39,609 [ERROR] Engine:466 - C:\Users\razab\.stm32cubemx\thirdparties\pdsc\STMicroelectronics.X-CUBE-SMBUS.2.1.1.pdsc: PDSC version is not supported
2026-06-22 15:39:39,631 [WARN] PackLoader:240 - Cannot read IP mode file for STMicroelectronics.X-CUBE-AZRTOS-F7.1.1.0
2026-06-22 15:39:39,638 [WARN] PackLoader:240 - Cannot read IP mode file for STMicroelectronics.FP-SNS-MOTENV1.5.1.0
2026-06-22 15:39:39,648 [WARN] PackLoader:240 - Cannot read IP mode file for WES.I-CUBE-Cesium.1.4.0
2026-06-22 15:39:39,654 [WARN] PackLoader:240 - Cannot read IP mode file for STMicroelectronics.X-CUBE-DISPLAY.3.0.0
2026-06-22 15:39:39,668 [WARN] PackLoader:240 - Cannot read IP mode file for STMicroelectronics.X-CUBE-GNSS1.7.1.1
2026-06-22 15:39:39,673 [WARN] PackLoader:240 - Cannot read IP mode file for STMicroelectronics.FP-SNS-MOTENVWB1.1.5.0
2026-06-22 15:39:39,678 [WARN] PackLoader:240 - Cannot read IP mode file for wolfSSL.I-CUBE-wolfSSL.5.9.1
2026-06-22 15:39:39,684 [WARN] PackLoader:240 - Cannot read IP mode file for STMicroelectronics.X-CUBE-NFC10.1.0.0
2026-06-22 15:39:39,690 [WARN] PackLoader:240 - Cannot read IP mode file for STMicroelectronics.X-CUBE-ST60.1.1.0
2026-06-22 15:39:39,696 [WARN] PackLoader:240 - Cannot read IP mode file for emotas.I-CUBE-CANOPEN.1.3.0
2026-06-22 15:39:39,702 [WARN] PackLoader:240 - Cannot read IP mode file for STMicroelectronics.FP-SNS-STBOX1.2.1.0
2026-06-22 15:39:39,710 [WARN] PackLoader:240 - Cannot read IP mode file for STMicroelectronics.FP-SNS-SMARTAG2.1.2.0
2026-06-22 15:39:39,715 [WARN] PackLoader:240 - Cannot read IP mode file for STMicroelectronics.FP-SNS-FLIGHT1.5.1.0
2026-06-22 15:39:39,724 [INFO] LogOutputStream:77 - [STDOUT_REDIRECT] 1 : Invalid condition id : UX_CORESTACK_Condition cause : null
2026-06-22 15:39:39,725 [INFO] LogOutputStream:77 - [STDOUT_REDIRECT] 1 : Invalid condition id : UX_CORESTACK_Condition cause : null
2026-06-22 15:39:39,726 [INFO] LogOutputStream:77 - [STDOUT_REDIRECT] 1 : Invalid condition id : UX_CORESTACK_Condition cause : null
2026-06-22 15:39:39,728 [INFO] LogOutputStream:77 - [STDOUT_REDIRECT] 1 : Invalid condition id : UX_CORESTACK_Condition cause : null
2026-06-22 15:39:39,729 [INFO] LogOutputStream:77 - [STDOUT_REDIRECT] 1 : Invalid condition id : UX_CORESTACK_Condition cause : null
2026-06-22 15:39:39,731 [WARN] PackLoader:240 - Cannot read IP mode file for STMicroelectronics.X-CUBE-AZRTOS-WL.2.0.0
2026-06-22 15:39:39,747 [WARN] PackLoader:240 - Cannot read IP mode file for STMicroelectronics.X-CUBE-AZRTOS-H7RS.1.2.0
2026-06-22 15:39:39,756 [WARN] PackLoader:240 - Cannot read IP mode file for STMicroelectronics.X-CUBE-BLE2.3.3.0
2026-06-22 15:39:39,789 [WARN] PackLoader:240 - Cannot read IP mode file for Infineon.AIROC-Wi-Fi-Bluetooth-STM32.1.8.0
2026-06-22 15:39:39,801 [WARN] PackLoader:240 - Cannot read IP mode file for STMicroelectronics.X-CUBE-NFC9.1.0.0
2026-06-22 15:39:39,808 [WARN] PackLoader:240 - Cannot read IP mode file for STMicroelectronics.X-CUBE-BLE1.7.1.0
2026-06-22 15:39:39,812 [WARN] PackLoader:240 - Cannot read IP mode file for wolfSSL.I-CUBE-wolfMQTT.1.19.2
2026-06-22 15:39:39,816 [WARN] PackLoader:240 - Cannot read IP mode file for STMicroelectronics.X-CUBE-EEPRMA1.5.2.0
2026-06-22 15:39:39,822 [WARN] PackLoader:240 - Cannot read IP mode file for STMicroelectronics.FP-SNS-STAIOTCFT.1.1.0
2026-06-22 15:39:39,832 [WARN] PackLoader:240 - Cannot read IP mode file for STMicroelectronics.X-CUBE-AZRTOS-G0.1.1.0
2026-06-22 15:39:39,837 [WARN] PackLoader:240 - Cannot read IP mode file for STMicroelectronics.X-CUBE-NFC4.3.0.0
2026-06-22 15:39:39,844 [WARN] PackLoader:240 - Cannot read IP mode file for EmbeddedOffice.I-CUBE-FS-RTOS.1.0.1
2026-06-22 15:39:39,848 [WARN] PackLoader:240 - Cannot read IP mode file for wolfSSL.I-CUBE-wolfTPM.3.8.0
2026-06-22 15:39:39,852 [WARN] PackLoader:240 - Cannot read IP mode file for STMicroelectronics.X-CUBE-TCPP.4.2.0
2026-06-22 15:39:39,856 [WARN] PackLoader:240 - Cannot read IP mode file for RealThread.X-CUBE-RT-Thread_Nano.4.1.1
2026-06-22 15:39:39,860 [WARN] PackLoader:240 - Cannot read IP mode file for STMicroelectronics.FP-ATR-SIGFOX1.3.2.0
2026-06-22 15:39:39,864 [WARN] PackLoader:240 - Cannot read IP mode file for STMicroelectronics.X-CUBE-FREERTOS.1.5.0
2026-06-22 15:39:39,868 [WARN] PackLoader:240 - Cannot read IP mode file for ITTIA_DB.I-CUBE-ITTIADB.8.9.0
2026-06-22 15:39:39,871 [WARN] PackLoader:240 - Cannot read IP mode file for Cesanta.I-CUBE-Mongoose.7.21.7
2026-06-22 15:39:39,876 [WARN] PackLoader:240 - Cannot read IP mode file for STMicroelectronics.X-CUBE-NFC6.3.2.0
2026-06-22 15:39:39,881 [WARN] PackLoader:240 - Cannot read IP mode file for STMicroelectronics.X-CUBE-AI.10.2.1
2026-06-22 15:39:39,883 [WARN] PackLoader:240 - Cannot read IP mode file for STMicroelectronics.X-CUBE-AI.10.2.0
2026-06-22 15:39:39,915 [WARN] PackLoader:240 - Cannot read IP mode file for STMicroelectronics.X-CUBE-MEMS1.12.1.0
2026-06-22 15:39:39,998 [ERROR] LogOutputStream:75 - [STDERR_REDIRECT] [Fatal Error] :1:1: Premature end of file.
2026-06-22 15:39:39,999 [ERROR] LogOutputStream:75 - [STDERR_REDIRECT] 
2026-06-22 15:39:40,008 [WARN] PackLoader:240 - Cannot read IP mode file for SEGGER.I-CUBE-embOS.1.3.1
2026-06-22 15:39:40,042 [WARN] PackLoader:240 - Cannot read IP mode file for STMicroelectronics.X-CUBE-NFC13.1.0.0
2026-06-22 15:39:40,047 [WARN] PackLoader:240 - Cannot read IP mode file for STMicroelectronics.X-CUBE-PM33A1.1.0.0
2026-06-22 15:39:40,058 [WARN] PackLoader:240 - Cannot read IP mode file for STMicroelectronics.X-CUBE-AZRTOS-F4.1.1.0
2026-06-22 15:39:40,064 [WARN] PackLoader:240 - Cannot read IP mode file for STMicroelectronics.X-CUBE-ISPU.2.1.0
2026-06-22 15:39:40,072 [WARN] PackLoader:240 - Cannot read IP mode file for STMicroelectronics.X-CUBE-IPS.3.2.0
2026-06-22 15:39:40,084 [WARN] PackLoader:240 - Cannot read IP mode file for STMicroelectronics.eDS-WB_DPC_TT-BIDIR.2.1.1
2026-06-22 15:39:40,090 [WARN] PackLoader:240 - Cannot read IP mode file for STMicroelectronics.X-CUBE-NFC12.1.0.0
2026-06-22 15:39:40,101 [WARN] PackLoader:240 - Cannot read IP mode file for STMicroelectronics.X-CUBE-AZRTOS-L5.2.0.0
2026-06-22 15:39:40,108 [WARN] PackLoader:240 - Cannot read IP mode file for STMicroelectronics.X-CUBE-ALGOBUILD.1.5.0
2026-06-22 15:39:40,112 [WARN] PackLoader:240 - Cannot read IP mode file for STMicroelectronics.eDS-WB_DPC_VIENNA.1.2.0
2026-06-22 15:39:40,115 [WARN] PackLoader:240 - Cannot read IP mode file for STMicroelectronics.eDS-WB_DPC_3PH2L-BIDIR.1.1.1
2026-06-22 15:39:40,117 [ERROR] Engine:466 - C:\Users\razab\.stm32cubemx\thirdparties\pdsc\STMicroelectronics.X-CUBE-ST67W61.1.3.0.pdsc: PDSC version is not supported
2026-06-22 15:39:40,122 [WARN] PackLoader:240 - Cannot read IP mode file for STMicroelectronics.X-CUBE-TOUCHGFX.4.26.1
2026-06-22 15:39:40,127 [WARN] PackLoader:240 - Cannot read IP mode file for STMicroelectronics.X-CUBE-DPower.1.3.0
2026-06-22 15:39:40,137 [WARN] ConditionMgr:438 - getConditionDescription Invalid condition id : LAN8742 Phy interface Condition cause : null
2026-06-22 15:39:40,138 [WARN] PackLoader:240 - Cannot read IP mode file for STMicroelectronics.X-CUBE-AZRTOS-L4.2.0.0
2026-06-22 15:39:40,138 [WARN] ConditionMgr:1044 - genDependencies : Invalid condition id : LAN8742 Phy interface Condition cause : null
2026-06-22 15:39:40,139 [WARN] ConditionMgr:1044 - genDependencies : Invalid condition id : LAN8742 Phy interface Condition cause : null
2026-06-22 15:39:40,139 [WARN] ConditionMgr:1044 - genDependencies : Invalid condition id : LAN8742 Phy interface Condition cause : null
2026-06-22 15:39:40,144 [WARN] PackLoader:240 - Cannot read IP mode file for STMicroelectronics.X-CUBE-SFXS2LP1.4.0.0
2026-06-22 15:39:40,148 [WARN] PackLoader:240 - Cannot read IP mode file for STMicroelectronics.X-CUBE-WB05N.2.1.0
2026-06-22 15:39:40,156 [WARN] PackLoader:240 - Cannot read IP mode file for STMicroelectronics.X-CUBE-BLEMGR.4.1.0
2026-06-22 15:39:40,167 [WARN] ConditionMgr:438 - getConditionDescription Invalid condition id : UX DEVICE CLASS RTOS Condition cause : null
2026-06-22 15:39:40,168 [WARN] ConditionMgr:438 - getConditionDescription Invalid condition id : UX DEVICE CLASS RTOS Condition cause : null
2026-06-22 15:39:40,169 [WARN] PackLoader:240 - Cannot read IP mode file for STMicroelectronics.X-CUBE-AZRTOS-WB.2.0.0
2026-06-22 15:39:40,169 [WARN] ConditionMgr:1044 - genDependencies : Invalid condition id : UX DEVICE CLASS RTOS Condition cause : null
2026-06-22 15:39:40,169 [WARN] ConditionMgr:1044 - genDependencies : Invalid condition id : UX DEVICE CLASS RTOS Condition cause : null
2026-06-22 15:39:40,169 [WARN] ConditionMgr:1044 - genDependencies : Invalid condition id : UX DEVICE CLASS RTOS Condition cause : null
2026-06-22 15:39:40,170 [WARN] ConditionMgr:1044 - genDependencies : Invalid condition id : UX DEVICE CLASS RTOS Condition cause : null
2026-06-22 15:39:40,170 [WARN] ConditionMgr:1044 - genDependencies : Invalid condition id : UX DEVICE CLASS RTOS Condition cause : null
2026-06-22 15:39:40,174 [WARN] ConditionMgr:438 - getConditionDescription Invalid condition id : Cortex-A Device cause : null
2026-06-22 15:39:40,180 [WARN] ConditionMgr:1044 - genDependencies : Invalid condition id : Cortex-A Device cause : null
2026-06-22 15:39:40,180 [WARN] ConditionMgr:1044 - genDependencies : Invalid condition id : Cortex-A Device cause : null
2026-06-22 15:39:40,180 [WARN] ConditionMgr:1044 - genDependencies : Invalid condition id : Cortex-A Device cause : null
2026-06-22 15:39:40,186 [WARN] PackLoader:240 - Cannot read IP mode file for STMicroelectronics.X-CUBE-STSE01.2.0.0
2026-06-22 15:39:40,193 [WARN] PackLoader:240 - Cannot read IP mode file for STMicroelectronics.X-CUBE-SUBG2.5.0.0
2026-06-22 15:39:40,204 [WARN] PackLoader:240 - Cannot read IP mode file for STMicroelectronics.X-CUBE-AZRTOS-G4.2.0.0
2026-06-22 15:39:40,208 [WARN] PackLoader:240 - Cannot read IP mode file for wolfSSL.I-CUBE-wolfSSH.1.4.20
2026-06-22 15:39:40,211 [WARN] PackLoader:240 - Cannot read IP mode file for STMicroelectronics.X-CUBE-NFC7.2.0.0
2026-06-22 15:39:40,215 [WARN] PackLoader:240 - Cannot read IP mode file for STMicroelectronics.X-CUBE-ALS.1.0.2
2026-06-22 15:39:40,222 [WARN] PackLoader:240 - Cannot read IP mode file for STMicroelectronics.X-CUBE-TOF1.3.4.3
2026-06-22 15:39:40,228 [INFO] ThirdParty:978 - Integrity check success = true
2026-06-22 15:39:40,229 [INFO] IntegrityCheckThread:100 - exiting critical section [integrity check]
2026-06-22 15:39:40,229 [INFO] IntegrityCheckThread:103 - End integrity checks thread
2026-06-22 15:39:40,989 [ERROR] LogOutputStream:75 - [STDERR_REDIRECT] [Fatal Error] :1:1: Premature end of file.
2026-06-22 15:39:40,989 [ERROR] LogOutputStream:75 - [STDERR_REDIRECT] 
2026-06-22 15:39:42,010 [ERROR] LogOutputStream:75 - [STDERR_REDIRECT] [Fatal Error] :1:1: Premature end of file.
2026-06-22 15:39:42,010 [ERROR] LogOutputStream:75 - [STDERR_REDIRECT] 
2026-06-22 15:39:42,990 [ERROR] LogOutputStream:75 - [STDERR_REDIRECT] [Fatal Error] :1:1: Premature end of file.
2026-06-22 15:39:42,990 [ERROR] LogOutputStream:75 - [STDERR_REDIRECT] 
2026-06-22 15:39:43,986 [ERROR] LogOutputStream:75 - [STDERR_REDIRECT] [Fatal Error] :1:1: Premature end of file.
2026-06-22 15:39:43,986 [ERROR] LogOutputStream:75 - [STDERR_REDIRECT] 
2026-06-22 15:39:44,989 [ERROR] LogOutputStream:75 - [STDERR_REDIRECT] [Fatal Error] :1:1: Premature end of file.
2026-06-22 15:39:44,989 [ERROR] LogOutputStream:75 - [STDERR_REDIRECT] 
2026-06-22 15:39:45,987 [ERROR] LogOutputStream:75 - [STDERR_REDIRECT] [Fatal Error] :1:1: Premature end of file.
2026-06-22 15:39:45,987 [ERROR] LogOutputStream:75 - [STDERR_REDIRECT] 
2026-06-22 15:39:46,990 [ERROR] LogOutputStream:75 - [STDERR_REDIRECT] [Fatal Error] :1:1: Premature end of file.
2026-06-22 15:39:46,990 [ERROR] LogOutputStream:75 - [STDERR_REDIRECT] 
2026-06-22 15:39:48,000 [ERROR] LogOutputStream:75 - [STDERR_REDIRECT] [Fatal Error] :1:1: Premature end of file.
2026-06-22 15:39:48,000 [ERROR] LogOutputStream:75 - [STDERR_REDIRECT] 
2026-06-22 15:39:48,990 [ERROR] LogOutputStream:75 - [STDERR_REDIRECT] [Fatal Error] :1:1: Premature end of file.
2026-06-22 15:39:48,990 [ERROR] LogOutputStream:75 - [STDERR_REDIRECT] 
2026-06-22 15:39:49,986 [ERROR] LogOutputStream:75 - [STDERR_REDIRECT] [Fatal Error] :1:1: Premature end of file.
2026-06-22 15:39:49,986 [ERROR] LogOutputStream:75 - [STDERR_REDIRECT] 
2026-06-22 15:39:50,987 [ERROR] LogOutputStream:75 - [STDERR_REDIRECT] [Fatal Error] :1:1: Premature end of file.
2026-06-22 15:39:50,987 [ERROR] LogOutputStream:75 - [STDERR_REDIRECT] 
2026-06-22 15:39:51,987 [ERROR] LogOutputStream:75 - [STDERR_REDIRECT] [Fatal Error] :1:1: Premature end of file.
2026-06-22 15:39:51,987 [ERROR] LogOutputStream:75 - [STDERR_REDIRECT] 
2026-06-22 15:39:52,989 [ERROR] LogOutputStream:75 - [STDERR_REDIRECT] [Fatal Error] :1:1: Premature end of file.
2026-06-22 15:39:52,990 [ERROR] LogOutputStream:75 - [STDERR_REDIRECT] 
2026-06-22 15:39:53,988 [ERROR] LogOutputStream:75 - [STDERR_REDIRECT] [Fatal Error] :1:1: Premature end of file.
2026-06-22 15:39:53,988 [ERROR] LogOutputStream:75 - [STDERR_REDIRECT] 
2026-06-22 15:39:54,990 [ERROR] LogOutputStream:75 - [STDERR_REDIRECT] [Fatal Error] :1:1: Premature end of file.
2026-06-22 15:39:54,990 [ERROR] LogOutputStream:75 - [STDERR_REDIRECT] 
2026-06-22 15:39:55,987 [ERROR] LogOutputStream:75 - [STDERR_REDIRECT] [Fatal Error] :1:1: Premature end of file.
2026-06-22 15:39:55,987 [ERROR] LogOutputStream:75 - [STDERR_REDIRECT] 
2026-06-22 15:39:56,988 [ERROR] LogOutputStream:75 - [STDERR_REDIRECT] [Fatal Error] :1:1: Premature end of file.
2026-06-22 15:39:56,989 [ERROR] LogOutputStream:75 - [STDERR_REDIRECT] 
2026-06-22 15:39:58,020 [ERROR] LogOutputStream:75 - [STDERR_REDIRECT] [Fatal Error] :1:1: Premature end of file.
2026-06-22 15:39:58,020 [ERROR] LogOutputStream:75 - [STDERR_REDIRECT] 
2026-06-22 15:39:58,990 [ERROR] LogOutputStream:75 - [STDERR_REDIRECT] [Fatal Error] :1:1: Premature end of file.
2026-06-22 15:39:58,990 [ERROR] LogOutputStream:75 - [STDERR_REDIRECT] 
2026-06-22 15:40:00,001 [ERROR] LogOutputStream:75 - [STDERR_REDIRECT] [Fatal Error] :1:1: Premature end of file.
2026-06-22 15:40:00,001 [ERROR] LogOutputStream:75 - [STDERR_REDIRECT] 
2026-06-22 15:40:00,605 [ERROR] LogOutputStream:75 - [STDERR_REDIRECT] 
2026-06-22 15:40:29,070 [INFO] Activator:176 - 


2026-06-22 15:40:29,070 [INFO] Activator:177 - !SESSION log4j initialized
2026-06-22 15:40:31,587 [INFO] LogOutputStream:77 - [STDOUT_REDIRECT] 
2026-06-22 15:40:33,098 [INFO] ApplicationProperties:184 - Using Application install path: C:\ST\STM32CubeIDE_1.19.0\STM32CubeIDE\plugins\com.st.stm32cube.common.mx_6.15.0.202507011659
2026-06-22 15:40:33,113 [INFO] DbMcusXml:78 - Set database path to: C:\ST\STM32CubeIDE_1.19.0\STM32CubeIDE\plugins\com.st.stm32cube.common.mx_6.15.0.202507011659\\db\/mcu/
2026-06-22 15:40:33,113 [INFO] ApiDb:274 - Set plugin database path to: C:\ST\STM32CubeIDE_1.19.0\STM32CubeIDE\plugins\com.st.stm32cube.common.mx_6.15.0.202507011659\\db\/plugins/boardmanager/
2026-06-22 15:40:33,114 [WARN] ApiDb:259 - Overriding images path with different value:  => C:\ST\STM32CubeIDE_1.19.0\STM32CubeIDE\plugins\com.st.stm32cube.common.mx_6.15.0.202507011659\\db\/plugins/mcufinder/images/
2026-06-22 15:40:33,118 [INFO] ApiDb:250 - Set database path to: C:\Users\razab\.stmcufinder\plugins\mcufinder//mcu/
2026-06-22 15:40:33,119 [INFO] DbMcusAds:125 - Set database path to: C:\Users\razab\.stmcufinder\plugins\mcufinder//mcu/
2026-06-22 15:40:33,121 [INFO] CrossReferenceDbSqlite:203 - Set database path to: C:\Users\razab\.stmcufinder\plugins\mcufinder//mcu/cs/
2026-06-22 15:40:33,239 [INFO] RulesReader:64 - Compatibility file has been processed (317 Rules)
2026-06-22 15:40:33,313 [INFO] DbMcusXml:78 - Set database path to: C:\ST\STM32CubeIDE_1.19.0\STM32CubeIDE\plugins\com.st.stm32cube.common.mx_6.15.0.202507011659\\db\/mcu/
2026-06-22 15:40:33,313 [INFO] ApiDb:274 - Set plugin database path to: C:\ST\STM32CubeIDE_1.19.0\STM32CubeIDE\plugins\com.st.stm32cube.common.mx_6.15.0.202507011659\\db\/plugins/boardmanager/
2026-06-22 15:40:33,313 [INFO] ApiDb:261 - Set plugin images path to: C:\ST\STM32CubeIDE_1.19.0\STM32CubeIDE\plugins\com.st.stm32cube.common.mx_6.15.0.202507011659\\db\/plugins/mcufinder/images/
2026-06-22 15:40:33,313 [WARN] DbFile:41 - Overriding database path with different value: C:\Users\razab\.stmcufinder\plugins\mcufinder/ => C:\Users\razab\.stmcufinder\plugins\mcufinder
2026-06-22 15:40:33,313 [INFO] ApiDb:250 - Set database path to: C:\Users\razab\.stmcufinder\plugins\mcufinder//mcu/
2026-06-22 15:40:33,313 [WARN] DbFile:41 - Overriding database path with different value: C:\Users\razab\.stmcufinder\plugins\mcufinder/ => C:\Users\razab\.stmcufinder\plugins\mcufinder
2026-06-22 15:40:33,314 [INFO] DbMcusAds:125 - Set database path to: C:\Users\razab\.stmcufinder\plugins\mcufinder//mcu/
2026-06-22 15:40:33,314 [WARN] DbFile:41 - Overriding database path with different value: C:\Users\razab\.stmcufinder\plugins\mcufinder/ => C:\Users\razab\.stmcufinder\plugins\mcufinder
2026-06-22 15:40:33,314 [WARN] DbFile:41 - Overriding database path with different value: C:\Users\razab\.stmcufinder\plugins\mcufinder/ => C:\Users\razab\.stmcufinder\plugins\mcufinder
2026-06-22 15:40:33,314 [INFO] CrossReferenceDbSqlite:203 - Set database path to: C:\Users\razab\.stmcufinder\plugins\mcufinder//mcu/cs/
2026-06-22 15:40:33,389 [INFO] MainPanel:274 - HeapMemory: 268435456
2026-06-22 15:40:33,465 [INFO] DbMcusXml:78 - Set database path to: C:\ST\STM32CubeIDE_1.19.0\STM32CubeIDE\plugins\com.st.stm32cube.common.mx_6.15.0.202507011659\\db\/mcu/
2026-06-22 15:40:33,465 [INFO] ApiDb:274 - Set plugin database path to: C:\ST\STM32CubeIDE_1.19.0\STM32CubeIDE\plugins\com.st.stm32cube.common.mx_6.15.0.202507011659\\db\/plugins/boardmanager/
2026-06-22 15:40:33,465 [INFO] ApiDb:261 - Set plugin images path to: C:\ST\STM32CubeIDE_1.19.0\STM32CubeIDE\plugins\com.st.stm32cube.common.mx_6.15.0.202507011659\\db\/plugins/mcufinder/images/
2026-06-22 15:40:33,465 [WARN] DbFile:41 - Overriding database path with different value: C:\Users\razab\.stmcufinder\plugins\mcufinder/ => C:\Users\razab\.stmcufinder\plugins\mcufinder
2026-06-22 15:40:33,465 [INFO] ApiDb:250 - Set database path to: C:\Users\razab\.stmcufinder\plugins\mcufinder//mcu/
2026-06-22 15:40:33,465 [WARN] DbFile:41 - Overriding database path with different value: C:\Users\razab\.stmcufinder\plugins\mcufinder/ => C:\Users\razab\.stmcufinder\plugins\mcufinder
2026-06-22 15:40:33,465 [INFO] DbMcusAds:125 - Set database path to: C:\Users\razab\.stmcufinder\plugins\mcufinder//mcu/
2026-06-22 15:40:33,466 [WARN] DbFile:41 - Overriding database path with different value: C:\Users\razab\.stmcufinder\plugins\mcufinder/ => C:\Users\razab\.stmcufinder\plugins\mcufinder
2026-06-22 15:40:33,466 [WARN] DbFile:41 - Overriding database path with different value: C:\Users\razab\.stmcufinder\plugins\mcufinder/ => C:\Users\razab\.stmcufinder\plugins\mcufinder
2026-06-22 15:40:33,466 [INFO] CrossReferenceDbSqlite:203 - Set database path to: C:\Users\razab\.stmcufinder\plugins\mcufinder//mcu/cs/
2026-06-22 15:40:33,485 [INFO] ApplicationProperties:184 - Using Application install path: C:\ST\STM32CubeIDE_1.19.0\STM32CubeIDE\plugins\com.st.stm32cube.common.mx_6.15.0.202507011659
2026-06-22 15:40:33,487 [INFO] PluginManage:196 - Search for loadable plugins [exclusion list=, ]
2026-06-22 15:40:33,488 [INFO] PluginManage:310 - Check plugin analytics
2026-06-22 15:40:33,691 [INFO] AnalyticsPlugin:253 - Accepted Software Licenses: 
2026-06-22 15:40:33,691 [INFO] AnalyticsPlugin:255 - Accepted CMSIS Pack Licenses: 
2026-06-22 15:40:33,691 [INFO] AnalyticsPlugin:257 - Accepted Firmware Licenses: FW.L4.1.18.0
2026-06-22 15:40:33,694 [INFO] PluginManage:359 - Loaded plugin analytics (category:tool,tabindex:-1)
2026-06-22 15:40:33,695 [INFO] PluginManage:310 - Check plugin cadmodel
2026-06-22 15:40:33,698 [INFO] CADModel:105 - Init CAD model plugin
2026-06-22 15:40:33,698 [INFO] PluginManage:359 - Loaded plugin cadmodel (category:power,tabindex:5)
2026-06-22 15:40:33,698 [INFO] PluginManage:310 - Check plugin clock
2026-06-22 15:40:33,704 [INFO] PluginManage:359 - Loaded plugin clock (category:base,tabindex:2)
2026-06-22 15:40:33,704 [INFO] PluginManage:310 - Check plugin ddr
2026-06-22 15:40:33,706 [INFO] PluginManage:359 - Loaded plugin ddr (category:tool,tabindex:6)
2026-06-22 15:40:33,707 [INFO] PluginManage:310 - Check plugin filemanager
2026-06-22 15:40:33,881 [INFO] PluginManage:359 - Loaded plugin filemanager (category:base,tabindex:10)
2026-06-22 15:40:33,881 [INFO] PluginManage:310 - Check plugin ipmanager
2026-06-22 15:40:33,887 [INFO] PluginManage:359 - Loaded plugin ipmanager (category:base,tabindex:5)
2026-06-22 15:40:33,888 [INFO] PluginManage:310 - Check plugin lpbam
2026-06-22 15:40:33,894 [INFO] PluginManage:359 - Loaded plugin lpbam (category:base,tabindex:0)
2026-06-22 15:40:33,895 [INFO] PluginManage:310 - Check plugin memorymap
2026-06-22 15:40:33,902 [INFO] PluginManage:359 - Loaded plugin memorymap (category:base,tabindex:4)
2026-06-22 15:40:33,902 [INFO] PluginManage:310 - Check plugin pinoutandconfiguration
2026-06-22 15:40:33,908 [INFO] PluginManage:359 - Loaded plugin pinoutandconfiguration (category:base,tabindex:1)
2026-06-22 15:40:33,908 [INFO] PluginManage:310 - Check plugin pinoutconfig
2026-06-22 15:40:33,991 [WARN] SupportedApi:132 - Cannot load RTOS API schema: s4s-elt-must-match.1: The content of 'definitions' must match (annotation?, (simpleType | complexType)?, (unique | key | keyref)*)). A problem was found starting at: attribute.
2026-06-22 15:40:34,100 [INFO] PluginManage:359 - Loaded plugin pinoutconfig (category:base,tabindex:0)
2026-06-22 15:40:34,100 [INFO] PluginManage:310 - Check plugin power
2026-06-22 15:40:34,106 [INFO] PluginManage:359 - Loaded plugin power (category:power,tabindex:4)
2026-06-22 15:40:34,106 [INFO] PluginManage:310 - Check plugin projectmanager
2026-06-22 15:40:34,122 [INFO] PluginManage:359 - Loaded plugin projectmanager (category:projectmanager,tabindex:4)
2026-06-22 15:40:34,122 [INFO] PluginManage:310 - Check plugin rif
2026-06-22 15:40:34,133 [INFO] PluginManage:359 - Loaded plugin rif (category:base,tabindex:3)
2026-06-22 15:40:34,134 [INFO] PluginManage:310 - Check plugin thirdparty
2026-06-22 15:40:34,258 [INFO] PluginManage:359 - Loaded plugin thirdparty (category:base,tabindex:-1)
2026-06-22 15:40:34,258 [WARN] IntegrityCheckThread:84 - waiting for thirdparty lock release [integrity check]
2026-06-22 15:40:34,258 [INFO] IntegrityCheckThread:86 - entering critical section [integrity check]
2026-06-22 15:40:34,258 [INFO] PluginManage:310 - Check plugin tools
2026-06-22 15:40:34,258 [INFO] ThirdPartyUpdaterWithRetryManager:70 - Updater plugin not ready yet. [1/15]
2026-06-22 15:40:34,260 [INFO] PluginManage:359 - Loaded plugin tools (category:base,tabindex:7)
2026-06-22 15:40:34,260 [INFO] PluginManage:310 - Check plugin tutovideos
2026-06-22 15:40:34,401 [INFO] PluginManage:359 - Loaded plugin tutovideos (category:base,tabindex:-1)
2026-06-22 15:40:34,401 [INFO] PluginManage:310 - Check plugin updater
2026-06-22 15:40:34,419 [INFO] PluginManage:359 - Loaded plugin updater (category:base,tabindex:12)
2026-06-22 15:40:34,419 [INFO] PluginManage:310 - Check plugin userauth
2026-06-22 15:40:34,422 [INFO] UserAuth:118 - Init User Auth plugin
2026-06-22 15:40:34,423 [INFO] PluginManage:359 - Loaded plugin userauth (category:base,tabindex:14)
2026-06-22 15:40:34,424 [INFO] PluginManage:283 - PluginManage : Loaded plugins [18]
2026-06-22 15:40:34,606 [INFO] PinOutPanel:1589 - setPackage(No Configuration,No Configuration)
2026-06-22 15:40:34,689 [INFO] CADModel:165 - CPN selected for project level
2026-06-22 15:40:34,689 [INFO] CADModel:114 - Register for checkConnection events
2026-06-22 15:40:34,703 [INFO] IPUIPlugin:80 - create IPUIPlugin
2026-06-22 15:40:34,703 [INFO] PluginManager:220 - loadIPPluginJar : add adc
2026-06-22 15:40:34,705 [INFO] IPUIPlugin:80 - create IPUIPlugin
2026-06-22 15:40:34,706 [INFO] PluginManager:220 - loadIPPluginJar : add aes
2026-06-22 15:40:34,707 [INFO] IPUIPlugin:80 - create IPUIPlugin
2026-06-22 15:40:34,708 [INFO] PluginManager:220 - loadIPPluginJar : add can
2026-06-22 15:40:34,709 [INFO] IPUIPlugin:80 - create IPUIPlugin
2026-06-22 15:40:34,709 [INFO] PluginManager:220 - loadIPPluginJar : add comp
2026-06-22 15:40:34,711 [INFO] IPUIPlugin:80 - create IPUIPlugin
2026-06-22 15:40:34,711 [INFO] PluginManager:220 - loadIPPluginJar : add cryp
2026-06-22 15:40:34,713 [INFO] IPUIPlugin:80 - create IPUIPlugin
2026-06-22 15:40:34,713 [INFO] PluginManager:220 - loadIPPluginJar : add ddr_ctrl_phy
2026-06-22 15:40:34,715 [INFO] IPUIPlugin:80 - create IPUIPlugin
2026-06-22 15:40:34,715 [INFO] PluginManager:220 - loadIPPluginJar : add dfsdm
2026-06-22 15:40:34,719 [INFO] IPUIPlugin:80 - create IPUIPlugin
2026-06-22 15:40:34,719 [INFO] PluginManager:220 - loadIPPluginJar : add dma
2026-06-22 15:40:34,721 [INFO] IPUIPlugin:80 - create IPUIPlugin
2026-06-22 15:40:34,721 [INFO] PluginManager:220 - loadIPPluginJar : add dma3
2026-06-22 15:40:34,722 [INFO] IPUIPlugin:80 - create IPUIPlugin
2026-06-22 15:40:34,723 [INFO] PluginManager:220 - loadIPPluginJar : add extmemmanager
2026-06-22 15:40:34,724 [INFO] IPUIPlugin:80 - create IPUIPlugin
2026-06-22 15:40:34,724 [INFO] PluginManager:220 - loadIPPluginJar : add fatfs
2026-06-22 15:40:34,727 [INFO] IPUIPlugin:80 - create IPUIPlugin
2026-06-22 15:40:34,727 [INFO] PluginManager:220 - loadIPPluginJar : add fmc
2026-06-22 15:40:34,731 [INFO] IPUIPlugin:80 - create IPUIPlugin
2026-06-22 15:40:34,731 [INFO] PluginManager:220 - loadIPPluginJar : add freertos
2026-06-22 15:40:34,732 [INFO] IPUIPlugin:80 - create IPUIPlugin
2026-06-22 15:40:34,732 [INFO] PluginManager:220 - loadIPPluginJar : add genericplugin
2026-06-22 15:40:34,734 [INFO] IPUIPlugin:80 - create IPUIPlugin
2026-06-22 15:40:34,734 [INFO] PluginManager:220 - loadIPPluginJar : add gfxmmu
2026-06-22 15:40:34,737 [INFO] IPUIPlugin:80 - create IPUIPlugin
2026-06-22 15:40:34,737 [INFO] PluginManager:220 - loadIPPluginJar : add gic
2026-06-22 15:40:34,739 [INFO] IPUIPlugin:80 - create IPUIPlugin
2026-06-22 15:40:34,740 [INFO] PluginManager:220 - loadIPPluginJar : add gpio
2026-06-22 15:40:34,741 [INFO] IPUIPlugin:80 - create IPUIPlugin
2026-06-22 15:40:34,742 [INFO] PluginManager:220 - loadIPPluginJar : add gtzc
2026-06-22 15:40:34,743 [INFO] IPUIPlugin:80 - create IPUIPlugin
2026-06-22 15:40:34,743 [INFO] PluginManager:220 - loadIPPluginJar : add hash
2026-06-22 15:40:34,745 [INFO] IPUIPlugin:80 - create IPUIPlugin
2026-06-22 15:40:34,745 [INFO] PluginManager:220 - loadIPPluginJar : add i2c
2026-06-22 15:40:34,747 [INFO] IPUIPlugin:80 - create IPUIPlugin
2026-06-22 15:40:34,747 [INFO] PluginManager:220 - loadIPPluginJar : add i2s
2026-06-22 15:40:34,750 [INFO] IPUIPlugin:80 - create IPUIPlugin
2026-06-22 15:40:34,750 [INFO] PluginManager:220 - loadIPPluginJar : add i3c
2026-06-22 15:40:34,753 [INFO] IPUIPlugin:80 - create IPUIPlugin
2026-06-22 15:40:34,753 [INFO] PluginManager:220 - loadIPPluginJar : add ipddr
2026-06-22 15:40:34,758 [INFO] IPUIPlugin:80 - create IPUIPlugin
2026-06-22 15:40:34,758 [INFO] PluginManager:220 - loadIPPluginJar : add linkedlist
2026-06-22 15:40:34,761 [INFO] IPUIPlugin:80 - create IPUIPlugin
2026-06-22 15:40:34,761 [INFO] PluginManager:220 - loadIPPluginJar : add lorawan
2026-06-22 15:40:34,762 [INFO] IPUIPlugin:80 - create IPUIPlugin
2026-06-22 15:40:34,762 [INFO] PluginManager:220 - loadIPPluginJar : add ltdc
2026-06-22 15:40:34,766 [INFO] IPUIPlugin:80 - create IPUIPlugin
2026-06-22 15:40:34,766 [INFO] PluginManager:220 - loadIPPluginJar : add mdma
2026-06-22 15:40:34,768 [INFO] IPUIPlugin:80 - create IPUIPlugin
2026-06-22 15:40:34,768 [INFO] PluginManager:220 - loadIPPluginJar : add nvic
2026-06-22 15:40:34,770 [INFO] IPUIPlugin:80 - create IPUIPlugin
2026-06-22 15:40:34,770 [INFO] PluginManager:220 - loadIPPluginJar : add opamp
2026-06-22 15:40:34,772 [INFO] IPUIPlugin:80 - create IPUIPlugin
2026-06-22 15:40:34,772 [INFO] PluginManager:220 - loadIPPluginJar : add openamp
2026-06-22 15:40:34,774 [INFO] IPUIPlugin:80 - create IPUIPlugin
2026-06-22 15:40:34,774 [INFO] PluginManager:220 - loadIPPluginJar : add pdm2pcm
2026-06-22 15:40:34,778 [INFO] IPUIPlugin:80 - create IPUIPlugin
2026-06-22 15:40:34,780 [INFO] PluginManager:220 - loadIPPluginJar : add plateformsettings
2026-06-22 15:40:34,782 [INFO] IPUIPlugin:80 - create IPUIPlugin
2026-06-22 15:40:34,782 [INFO] PluginManager:220 - loadIPPluginJar : add quadspi
2026-06-22 15:40:34,783 [INFO] IPUIPlugin:80 - create IPUIPlugin
2026-06-22 15:40:34,783 [INFO] PluginManager:220 - loadIPPluginJar : add radio
2026-06-22 15:40:34,785 [INFO] IPUIPlugin:80 - create IPUIPlugin
2026-06-22 15:40:34,786 [INFO] PluginManager:220 - loadIPPluginJar : add resmgrutility
2026-06-22 15:40:34,787 [INFO] IPUIPlugin:80 - create IPUIPlugin
2026-06-22 15:40:34,788 [INFO] PluginManager:220 - loadIPPluginJar : add sai
2026-06-22 15:40:34,789 [INFO] IPUIPlugin:80 - create IPUIPlugin
2026-06-22 15:40:34,789 [INFO] PluginManager:220 - loadIPPluginJar : add spi
2026-06-22 15:40:34,793 [INFO] IPUIPlugin:80 - create IPUIPlugin
2026-06-22 15:40:34,793 [INFO] PluginManager:220 - loadIPPluginJar : add stm32_wpan
2026-06-22 15:40:34,795 [INFO] IPUIPlugin:80 - create IPUIPlugin
2026-06-22 15:40:34,795 [INFO] PluginManager:220 - loadIPPluginJar : add tim
2026-06-22 15:40:34,797 [INFO] IPUIPlugin:80 - create IPUIPlugin
2026-06-22 15:40:34,797 [INFO] PluginManager:220 - loadIPPluginJar : add touchsensing
2026-06-22 15:40:34,799 [INFO] IPUIPlugin:80 - create IPUIPlugin
2026-06-22 15:40:34,799 [INFO] PluginManager:220 - loadIPPluginJar : add tracer_emb
2026-06-22 15:40:34,801 [INFO] IPUIPlugin:80 - create IPUIPlugin
2026-06-22 15:40:34,801 [INFO] PluginManager:220 - loadIPPluginJar : add ts
2026-06-22 15:40:34,802 [INFO] IPUIPlugin:80 - create IPUIPlugin
2026-06-22 15:40:34,802 [INFO] PluginManager:220 - loadIPPluginJar : add tsc
2026-06-22 15:40:34,804 [INFO] IPUIPlugin:80 - create IPUIPlugin
2026-06-22 15:40:34,804 [INFO] PluginManager:220 - loadIPPluginJar : add ucpd
2026-06-22 15:40:34,806 [INFO] IPUIPlugin:80 - create IPUIPlugin
2026-06-22 15:40:34,806 [INFO] PluginManager:220 - loadIPPluginJar : add usart
2026-06-22 15:40:34,808 [INFO] IPUIPlugin:80 - create IPUIPlugin
2026-06-22 15:40:34,808 [INFO] PluginManager:220 - loadIPPluginJar : add usbx
2026-06-22 15:40:34,926 [FATAL] Updater:351 - Updater called before beeing initialized
2026-06-22 15:40:34,949 [INFO] RulesReader:64 - Compatibility file has been processed (317 Rules)
2026-06-22 15:40:34,962 [INFO] RulesReader:64 - Compatibility file has been processed (317 Rules)
2026-06-22 15:40:34,973 [INFO] CADModel:165 - CPN selected for project level
2026-06-22 15:40:34,973 [INFO] CADModel:114 - Register for checkConnection events
2026-06-22 15:40:34,973 [FATAL] Updater:351 - Updater called before beeing initialized
2026-06-22 15:40:34,973 [ERROR] CADModel:125 - Updater not yet initialized, retry later 
2026-06-22 15:40:35,106 [FATAL] Updater:351 - Updater called before beeing initialized
2026-06-22 15:40:35,108 [INFO] CADModel:165 - CPN selected for project level
2026-06-22 15:40:35,108 [INFO] CADModel:114 - Register for checkConnection events
2026-06-22 15:40:35,108 [FATAL] Updater:351 - Updater called before beeing initialized
2026-06-22 15:40:35,108 [ERROR] CADModel:125 - Updater not yet initialized, retry later 
2026-06-22 15:40:35,111 [FATAL] Updater:351 - Updater called before beeing initialized
2026-06-22 15:40:35,256 [FATAL] Updater:351 - Updater called before beeing initialized
2026-06-22 15:40:35,260 [INFO] DbMcusAds:53 - JSON generation date=Thu May 28 19:08:17 IDT 2026 (1779984497073)
2026-06-22 15:40:35,260 [FATAL] Updater:351 - Updater called before beeing initialized
2026-06-22 15:40:35,293 [WARN] DetailPanel:346 - Failed to get advertising image, set to default
2026-06-22 15:40:35,383 [FATAL] Updater:351 - Updater called before beeing initialized
2026-06-22 15:40:35,385 [FATAL] Updater:351 - Updater called before beeing initialized
2026-06-22 15:40:35,385 [FATAL] Updater:351 - Updater called before beeing initialized
2026-06-22 15:40:35,385 [WARN] DetailPanel:346 - Failed to get advertising image, set to default
2026-06-22 15:40:35,386 [FATAL] Updater:351 - Updater called before beeing initialized
2026-06-22 15:40:35,429 [ERROR] Updater:1198 - MainUpdater not yet initialized. External WinMGr cannot be set.
2026-06-22 15:40:35,430 [INFO] Updater:1134 - Updater Version found : 6.15.0
2026-06-22 15:40:35,443 [INFO] ApplicationProperties:184 - Using Application install path: C:\ST\STM32CubeIDE_1.19.0\STM32CubeIDE\plugins\com.st.stm32cube.common.mx_6.15.0.202507011659
2026-06-22 15:40:37,046 [ERROR] LogOutputStream:75 - [STDERR_REDIRECT] Jun 22, 2026 3:40:37 PM java.util.prefs.WindowsPreferences <init>
2026-06-22 15:40:37,046 [ERROR] LogOutputStream:75 - [STDERR_REDIRECT] WARNING: Could not open/create prefs root node Software\JavaSoft\Prefs at root 0xffffffff80000002. Windows RegCreateKeyEx(...) returned error code 5.
2026-06-22 15:40:37,046 [ERROR] LogOutputStream:75 - [STDERR_REDIRECT] 
2026-06-22 15:40:37,267 [INFO] ThirdPartyUpdaterWithRetryManager:70 - Updater plugin not ready yet. [2/15]
2026-06-22 15:40:37,346 [INFO] MainUpdater:2872 - connection check result : 10
2026-06-22 15:40:37,348 [INFO] MainUpdater:289 - Updater Check For Update Now.
2026-06-22 15:40:37,348 [INFO] MicroXplorer:498 - Change Database Version : DB.6.0.150
2026-06-22 15:40:37,348 [INFO] McuFinderGlobals:63 - Set McuFinder mode to 2 (CubeIDE integrated)
2026-06-22 15:40:37,348 [INFO] UserAuth:487 - Internet connection configuration mode: 1
2026-06-22 15:40:37,393 [INFO] JxBrowserEngine:152 - Initiate JxBrowser Engine with user profile folder
2026-06-22 15:40:37,534 [INFO] CheckServerUpdateThread:120 - End of CheckServer Thread
2026-06-22 15:40:38,007 [INFO] WebApp:169 - Instantiating new browser for Auth
2026-06-22 15:40:38,595 [INFO] WebApp:463 - Apply proxy settings
2026-06-22 15:40:38,595 [INFO] WebApp:548 - Chromium requires no authentication
2026-06-22 15:40:38,603 [INFO] WebApp:491 - Direct internet connection detected
2026-06-22 15:40:38,614 [INFO] WebApp:900 - Register for checkConnection events
2026-06-22 15:40:38,614 [INFO] WebApp:463 - Apply proxy settings
2026-06-22 15:40:38,614 [INFO] WebApp:548 - Chromium requires no authentication
2026-06-22 15:40:38,614 [INFO] WebApp:491 - Direct internet connection detected
2026-06-22 15:40:38,771 [INFO] WebApp:225 - Starting web application
2026-06-22 15:40:38,771 [INFO] WebApp:593 - Web application path used C:\ST\STM32CubeIDE_1.19.0\STM32CubeIDE\plugins\com.st.stm32cube.common.mx_6.15.0.202507011659\db\plugins\mcufinder\reactClient1\index.html
2026-06-22 15:40:38,844 [INFO] UserAuth:487 - Internet connection configuration mode: 1
2026-06-22 15:40:38,905 [ERROR] LogOutputStream:75 - [STDERR_REDIRECT] [Fatal Error] :1:1: Premature end of file.
2026-06-22 15:40:38,905 [ERROR] LogOutputStream:75 - [STDERR_REDIRECT] 
2026-06-22 15:40:39,185 [INFO] WebApp:191 - Connection restablished
2026-06-22 15:40:39,901 [ERROR] LogOutputStream:75 - [STDERR_REDIRECT] [Fatal Error] :1:1: Premature end of file.
2026-06-22 15:40:39,902 [ERROR] LogOutputStream:75 - [STDERR_REDIRECT] 
2026-06-22 15:40:40,494 [WARN] PackLoader:240 - Cannot read IP mode file for STMicroelectronics.X-CUBE-AZRTOS-H7.3.5.0
2026-06-22 15:40:40,571 [WARN] PackLoader:240 - Cannot read IP mode file for STMicroelectronics.FP-ATR-ASTRA1.2.0.2
2026-06-22 15:40:40,577 [ERROR] Engine:466 - C:\Users\razab\.stm32cubemx\thirdparties\pdsc\STMicroelectronics.X-CUBE-SMBUS.2.1.1.pdsc: PDSC version is not supported
2026-06-22 15:40:40,595 [WARN] PackLoader:240 - Cannot read IP mode file for STMicroelectronics.X-CUBE-AZRTOS-F7.1.1.0
2026-06-22 15:40:40,602 [WARN] PackLoader:240 - Cannot read IP mode file for STMicroelectronics.FP-SNS-MOTENV1.5.1.0
2026-06-22 15:40:40,611 [WARN] PackLoader:240 - Cannot read IP mode file for WES.I-CUBE-Cesium.1.4.0
2026-06-22 15:40:40,617 [WARN] PackLoader:240 - Cannot read IP mode file for STMicroelectronics.X-CUBE-DISPLAY.3.0.0
2026-06-22 15:40:40,629 [WARN] PackLoader:240 - Cannot read IP mode file for STMicroelectronics.X-CUBE-GNSS1.7.1.1
2026-06-22 15:40:40,634 [WARN] PackLoader:240 - Cannot read IP mode file for STMicroelectronics.FP-SNS-MOTENVWB1.1.5.0
2026-06-22 15:40:40,638 [WARN] PackLoader:240 - Cannot read IP mode file for wolfSSL.I-CUBE-wolfSSL.5.9.1
2026-06-22 15:40:40,644 [WARN] PackLoader:240 - Cannot read IP mode file for STMicroelectronics.X-CUBE-NFC10.1.0.0
2026-06-22 15:40:40,650 [WARN] PackLoader:240 - Cannot read IP mode file for STMicroelectronics.X-CUBE-ST60.1.1.0
2026-06-22 15:40:40,655 [WARN] PackLoader:240 - Cannot read IP mode file for emotas.I-CUBE-CANOPEN.1.3.0
2026-06-22 15:40:40,661 [WARN] PackLoader:240 - Cannot read IP mode file for STMicroelectronics.FP-SNS-STBOX1.2.1.0
2026-06-22 15:40:40,668 [WARN] PackLoader:240 - Cannot read IP mode file for STMicroelectronics.FP-SNS-SMARTAG2.1.2.0
2026-06-22 15:40:40,672 [WARN] PackLoader:240 - Cannot read IP mode file for STMicroelectronics.FP-SNS-FLIGHT1.5.1.0
2026-06-22 15:40:40,679 [INFO] LogOutputStream:77 - [STDOUT_REDIRECT] 1 : Invalid condition id : UX_CORESTACK_Condition cause : null
2026-06-22 15:40:40,679 [INFO] LogOutputStream:77 - [STDOUT_REDIRECT] 1 : Invalid condition id : UX_CORESTACK_Condition cause : null
2026-06-22 15:40:40,680 [INFO] LogOutputStream:77 - [STDOUT_REDIRECT] 1 : Invalid condition id : UX_CORESTACK_Condition cause : null
2026-06-22 15:40:40,681 [INFO] LogOutputStream:77 - [STDOUT_REDIRECT] 1 : Invalid condition id : UX_CORESTACK_Condition cause : null
2026-06-22 15:40:40,682 [INFO] LogOutputStream:77 - [STDOUT_REDIRECT] 1 : Invalid condition id : UX_CORESTACK_Condition cause : null
2026-06-22 15:40:40,685 [WARN] PackLoader:240 - Cannot read IP mode file for STMicroelectronics.X-CUBE-AZRTOS-WL.2.0.0
2026-06-22 15:40:40,702 [WARN] PackLoader:240 - Cannot read IP mode file for STMicroelectronics.X-CUBE-AZRTOS-H7RS.1.2.0
2026-06-22 15:40:40,709 [WARN] PackLoader:240 - Cannot read IP mode file for STMicroelectronics.X-CUBE-BLE2.3.3.0
2026-06-22 15:40:40,750 [WARN] PackLoader:240 - Cannot read IP mode file for Infineon.AIROC-Wi-Fi-Bluetooth-STM32.1.8.0
2026-06-22 15:40:40,762 [WARN] PackLoader:240 - Cannot read IP mode file for STMicroelectronics.X-CUBE-NFC9.1.0.0
2026-06-22 15:40:40,769 [WARN] PackLoader:240 - Cannot read IP mode file for STMicroelectronics.X-CUBE-BLE1.7.1.0
2026-06-22 15:40:40,773 [WARN] PackLoader:240 - Cannot read IP mode file for wolfSSL.I-CUBE-wolfMQTT.1.19.2
2026-06-22 15:40:40,778 [WARN] PackLoader:240 - Cannot read IP mode file for STMicroelectronics.X-CUBE-EEPRMA1.5.2.0
2026-06-22 15:40:40,785 [WARN] PackLoader:240 - Cannot read IP mode file for STMicroelectronics.FP-SNS-STAIOTCFT.1.1.0
2026-06-22 15:40:40,794 [WARN] PackLoader:240 - Cannot read IP mode file for STMicroelectronics.X-CUBE-AZRTOS-G0.1.1.0
2026-06-22 15:40:40,800 [WARN] PackLoader:240 - Cannot read IP mode file for STMicroelectronics.X-CUBE-NFC4.3.0.0
2026-06-22 15:40:40,806 [WARN] PackLoader:240 - Cannot read IP mode file for EmbeddedOffice.I-CUBE-FS-RTOS.1.0.1
2026-06-22 15:40:40,809 [WARN] PackLoader:240 - Cannot read IP mode file for wolfSSL.I-CUBE-wolfTPM.3.8.0
2026-06-22 15:40:40,814 [WARN] PackLoader:240 - Cannot read IP mode file for STMicroelectronics.X-CUBE-TCPP.4.2.0
2026-06-22 15:40:40,819 [WARN] PackLoader:240 - Cannot read IP mode file for RealThread.X-CUBE-RT-Thread_Nano.4.1.1
2026-06-22 15:40:40,823 [WARN] PackLoader:240 - Cannot read IP mode file for STMicroelectronics.FP-ATR-SIGFOX1.3.2.0
2026-06-22 15:40:40,828 [WARN] PackLoader:240 - Cannot read IP mode file for STMicroelectronics.X-CUBE-FREERTOS.1.5.0
2026-06-22 15:40:40,839 [WARN] PackLoader:240 - Cannot read IP mode file for ITTIA_DB.I-CUBE-ITTIADB.8.9.0
2026-06-22 15:40:40,842 [WARN] PackLoader:240 - Cannot read IP mode file for Cesanta.I-CUBE-Mongoose.7.21.7
2026-06-22 15:40:40,847 [WARN] PackLoader:240 - Cannot read IP mode file for STMicroelectronics.X-CUBE-NFC6.3.2.0
2026-06-22 15:40:40,854 [WARN] PackLoader:240 - Cannot read IP mode file for STMicroelectronics.X-CUBE-AI.10.2.1
2026-06-22 15:40:40,857 [WARN] PackLoader:240 - Cannot read IP mode file for STMicroelectronics.X-CUBE-AI.10.2.0
2026-06-22 15:40:40,883 [WARN] PackLoader:240 - Cannot read IP mode file for STMicroelectronics.X-CUBE-MEMS1.12.1.0
2026-06-22 15:40:40,907 [ERROR] LogOutputStream:75 - [STDERR_REDIRECT] [Fatal Error] :1:1: Premature end of file.
2026-06-22 15:40:40,907 [ERROR] LogOutputStream:75 - [STDERR_REDIRECT] 
2026-06-22 15:40:40,969 [WARN] PackLoader:240 - Cannot read IP mode file for SEGGER.I-CUBE-embOS.1.3.1
2026-06-22 15:40:41,043 [WARN] PackLoader:240 - Cannot read IP mode file for STMicroelectronics.X-CUBE-NFC13.1.0.0
2026-06-22 15:40:41,050 [WARN] PackLoader:240 - Cannot read IP mode file for STMicroelectronics.X-CUBE-PM33A1.1.0.0
2026-06-22 15:40:41,061 [WARN] PackLoader:240 - Cannot read IP mode file for STMicroelectronics.X-CUBE-AZRTOS-F4.1.1.0
2026-06-22 15:40:41,067 [WARN] PackLoader:240 - Cannot read IP mode file for STMicroelectronics.X-CUBE-ISPU.2.1.0
2026-06-22 15:40:41,076 [WARN] PackLoader:240 - Cannot read IP mode file for STMicroelectronics.X-CUBE-IPS.3.2.0
2026-06-22 15:40:41,086 [WARN] PackLoader:240 - Cannot read IP mode file for STMicroelectronics.eDS-WB_DPC_TT-BIDIR.2.1.1
2026-06-22 15:40:41,091 [WARN] PackLoader:240 - Cannot read IP mode file for STMicroelectronics.X-CUBE-NFC12.1.0.0
2026-06-22 15:40:41,102 [WARN] PackLoader:240 - Cannot read IP mode file for STMicroelectronics.X-CUBE-AZRTOS-L5.2.0.0
2026-06-22 15:40:41,108 [WARN] PackLoader:240 - Cannot read IP mode file for STMicroelectronics.X-CUBE-ALGOBUILD.1.5.0
2026-06-22 15:40:41,113 [WARN] PackLoader:240 - Cannot read IP mode file for STMicroelectronics.eDS-WB_DPC_VIENNA.1.2.0
2026-06-22 15:40:41,116 [WARN] PackLoader:240 - Cannot read IP mode file for STMicroelectronics.eDS-WB_DPC_3PH2L-BIDIR.1.1.1
2026-06-22 15:40:41,118 [ERROR] Engine:466 - C:\Users\razab\.stm32cubemx\thirdparties\pdsc\STMicroelectronics.X-CUBE-ST67W61.1.3.0.pdsc: PDSC version is not supported
2026-06-22 15:40:41,125 [WARN] PackLoader:240 - Cannot read IP mode file for STMicroelectronics.X-CUBE-TOUCHGFX.4.26.1
2026-06-22 15:40:41,129 [WARN] PackLoader:240 - Cannot read IP mode file for STMicroelectronics.X-CUBE-DPower.1.3.0
2026-06-22 15:40:41,141 [WARN] ConditionMgr:438 - getConditionDescription Invalid condition id : LAN8742 Phy interface Condition cause : null
2026-06-22 15:40:41,142 [WARN] PackLoader:240 - Cannot read IP mode file for STMicroelectronics.X-CUBE-AZRTOS-L4.2.0.0
2026-06-22 15:40:41,143 [WARN] ConditionMgr:1044 - genDependencies : Invalid condition id : LAN8742 Phy interface Condition cause : null
2026-06-22 15:40:41,143 [WARN] ConditionMgr:1044 - genDependencies : Invalid condition id : LAN8742 Phy interface Condition cause : null
2026-06-22 15:40:41,144 [WARN] ConditionMgr:1044 - genDependencies : Invalid condition id : LAN8742 Phy interface Condition cause : null
2026-06-22 15:40:41,152 [WARN] PackLoader:240 - Cannot read IP mode file for STMicroelectronics.X-CUBE-SFXS2LP1.4.0.0
2026-06-22 15:40:41,157 [WARN] PackLoader:240 - Cannot read IP mode file for STMicroelectronics.X-CUBE-WB05N.2.1.0
2026-06-22 15:40:41,165 [WARN] PackLoader:240 - Cannot read IP mode file for STMicroelectronics.X-CUBE-BLEMGR.4.1.0
2026-06-22 15:40:41,175 [WARN] ConditionMgr:438 - getConditionDescription Invalid condition id : UX DEVICE CLASS RTOS Condition cause : null
2026-06-22 15:40:41,175 [WARN] ConditionMgr:438 - getConditionDescription Invalid condition id : UX DEVICE CLASS RTOS Condition cause : null
2026-06-22 15:40:41,176 [WARN] PackLoader:240 - Cannot read IP mode file for STMicroelectronics.X-CUBE-AZRTOS-WB.2.0.0
2026-06-22 15:40:41,177 [WARN] ConditionMgr:1044 - genDependencies : Invalid condition id : UX DEVICE CLASS RTOS Condition cause : null
2026-06-22 15:40:41,177 [WARN] ConditionMgr:1044 - genDependencies : Invalid condition id : UX DEVICE CLASS RTOS Condition cause : null
2026-06-22 15:40:41,177 [WARN] ConditionMgr:1044 - genDependencies : Invalid condition id : UX DEVICE CLASS RTOS Condition cause : null
2026-06-22 15:40:41,178 [WARN] ConditionMgr:1044 - genDependencies : Invalid condition id : UX DEVICE CLASS RTOS Condition cause : null
2026-06-22 15:40:41,178 [WARN] ConditionMgr:1044 - genDependencies : Invalid condition id : UX DEVICE CLASS RTOS Condition cause : null
2026-06-22 15:40:41,181 [WARN] ConditionMgr:438 - getConditionDescription Invalid condition id : Cortex-A Device cause : null
2026-06-22 15:40:41,189 [WARN] ConditionMgr:1044 - genDependencies : Invalid condition id : Cortex-A Device cause : null
2026-06-22 15:40:41,189 [WARN] ConditionMgr:1044 - genDependencies : Invalid condition id : Cortex-A Device cause : null
2026-06-22 15:40:41,189 [WARN] ConditionMgr:1044 - genDependencies : Invalid condition id : Cortex-A Device cause : null
2026-06-22 15:40:41,195 [WARN] PackLoader:240 - Cannot read IP mode file for STMicroelectronics.X-CUBE-STSE01.2.0.0
2026-06-22 15:40:41,203 [WARN] PackLoader:240 - Cannot read IP mode file for STMicroelectronics.X-CUBE-SUBG2.5.0.0
2026-06-22 15:40:41,221 [WARN] PackLoader:240 - Cannot read IP mode file for STMicroelectronics.X-CUBE-AZRTOS-G4.2.0.0
2026-06-22 15:40:41,227 [WARN] PackLoader:240 - Cannot read IP mode file for wolfSSL.I-CUBE-wolfSSH.1.4.20
2026-06-22 15:40:41,231 [WARN] PackLoader:240 - Cannot read IP mode file for STMicroelectronics.X-CUBE-NFC7.2.0.0
2026-06-22 15:40:41,235 [WARN] PackLoader:240 - Cannot read IP mode file for STMicroelectronics.X-CUBE-ALS.1.0.2
2026-06-22 15:40:41,242 [WARN] PackLoader:240 - Cannot read IP mode file for STMicroelectronics.X-CUBE-TOF1.3.4.3
2026-06-22 15:40:41,255 [INFO] ThirdParty:978 - Integrity check success = true
2026-06-22 15:40:41,255 [INFO] IntegrityCheckThread:100 - exiting critical section [integrity check]
2026-06-22 15:40:41,255 [INFO] IntegrityCheckThread:103 - End integrity checks thread
2026-06-22 15:40:41,898 [ERROR] LogOutputStream:75 - [STDERR_REDIRECT] [Fatal Error] :1:1: Premature end of file.
2026-06-22 15:40:41,898 [ERROR] LogOutputStream:75 - [STDERR_REDIRECT] 
2026-06-22 15:40:42,905 [ERROR] LogOutputStream:75 - [STDERR_REDIRECT] [Fatal Error] :1:1: Premature end of file.
2026-06-22 15:40:42,905 [ERROR] LogOutputStream:75 - [STDERR_REDIRECT] 
2026-06-22 15:40:43,901 [ERROR] LogOutputStream:75 - [STDERR_REDIRECT] [Fatal Error] :1:1: Premature end of file.
2026-06-22 15:40:43,902 [ERROR] LogOutputStream:75 - [STDERR_REDIRECT] 
2026-06-22 15:40:44,901 [ERROR] LogOutputStream:75 - [STDERR_REDIRECT] [Fatal Error] :1:1: Premature end of file.
2026-06-22 15:40:44,901 [ERROR] LogOutputStream:75 - [STDERR_REDIRECT] 
2026-06-22 15:40:45,900 [ERROR] LogOutputStream:75 - [STDERR_REDIRECT] [Fatal Error] :1:1: Premature end of file.
2026-06-22 15:40:45,900 [ERROR] LogOutputStream:75 - [STDERR_REDIRECT] 
2026-06-22 15:40:46,900 [ERROR] LogOutputStream:75 - [STDERR_REDIRECT] [Fatal Error] :1:1: Premature end of file.
2026-06-22 15:40:46,901 [ERROR] LogOutputStream:75 - [STDERR_REDIRECT] 
2026-06-22 15:40:47,901 [ERROR] LogOutputStream:75 - [STDERR_REDIRECT] [Fatal Error] :1:1: Premature end of file.
2026-06-22 15:40:47,901 [ERROR] LogOutputStream:75 - [STDERR_REDIRECT] 
2026-06-22 15:40:48,902 [ERROR] LogOutputStream:75 - [STDERR_REDIRECT] [Fatal Error] :1:1: Premature end of file.
2026-06-22 15:40:48,902 [ERROR] LogOutputStream:75 - [STDERR_REDIRECT] 
2026-06-22 15:40:49,922 [ERROR] LogOutputStream:75 - [STDERR_REDIRECT] [Fatal Error] :1:1: Premature end of file.
2026-06-22 15:40:49,922 [ERROR] LogOutputStream:75 - [STDERR_REDIRECT] 
2026-06-22 15:40:50,908 [ERROR] LogOutputStream:75 - [STDERR_REDIRECT] [Fatal Error] :1:1: Premature end of file.
2026-06-22 15:40:50,908 [ERROR] LogOutputStream:75 - [STDERR_REDIRECT] 
2026-06-22 15:40:51,902 [ERROR] LogOutputStream:75 - [STDERR_REDIRECT] [Fatal Error] :1:1: Premature end of file.
2026-06-22 15:40:51,902 [ERROR] LogOutputStream:75 - [STDERR_REDIRECT] 
2026-06-22 15:40:52,907 [ERROR] LogOutputStream:75 - [STDERR_REDIRECT] [Fatal Error] :1:1: Premature end of file.
2026-06-22 15:40:52,908 [ERROR] LogOutputStream:75 - [STDERR_REDIRECT] 
2026-06-22 15:40:53,306 [ERROR] LogOutputStream:75 - [STDERR_REDIRECT] 
2026-06-22 15:40:53,306 [ERROR] LogOutputStream:75 - [STDERR_REDIRECT] 
2026-06-22 15:46:41,553 [INFO] Activator:176 - 


2026-06-22 15:46:41,555 [INFO] Activator:177 - !SESSION log4j initialized
2026-06-22 15:46:44,273 [INFO] LogOutputStream:77 - [STDOUT_REDIRECT] 
2026-06-22 15:46:45,828 [INFO] ApplicationProperties:184 - Using Application install path: C:\ST\STM32CubeIDE_1.19.0\STM32CubeIDE\plugins\com.st.stm32cube.common.mx_6.15.0.202507011659
2026-06-22 15:46:45,844 [INFO] DbMcusXml:78 - Set database path to: C:\ST\STM32CubeIDE_1.19.0\STM32CubeIDE\plugins\com.st.stm32cube.common.mx_6.15.0.202507011659\\db\/mcu/
2026-06-22 15:46:45,844 [INFO] ApiDb:274 - Set plugin database path to: C:\ST\STM32CubeIDE_1.19.0\STM32CubeIDE\plugins\com.st.stm32cube.common.mx_6.15.0.202507011659\\db\/plugins/boardmanager/
2026-06-22 15:46:45,844 [WARN] ApiDb:259 - Overriding images path with different value:  => C:\ST\STM32CubeIDE_1.19.0\STM32CubeIDE\plugins\com.st.stm32cube.common.mx_6.15.0.202507011659\\db\/plugins/mcufinder/images/
2026-06-22 15:46:45,849 [INFO] ApiDb:250 - Set database path to: C:\Users\razab\.stmcufinder\plugins\mcufinder//mcu/
2026-06-22 15:46:45,850 [INFO] DbMcusAds:125 - Set database path to: C:\Users\razab\.stmcufinder\plugins\mcufinder//mcu/
2026-06-22 15:46:45,852 [INFO] CrossReferenceDbSqlite:203 - Set database path to: C:\Users\razab\.stmcufinder\plugins\mcufinder//mcu/cs/
2026-06-22 15:46:45,952 [INFO] RulesReader:64 - Compatibility file has been processed (317 Rules)
2026-06-22 15:46:46,024 [INFO] DbMcusXml:78 - Set database path to: C:\ST\STM32CubeIDE_1.19.0\STM32CubeIDE\plugins\com.st.stm32cube.common.mx_6.15.0.202507011659\\db\/mcu/
2026-06-22 15:46:46,024 [INFO] ApiDb:274 - Set plugin database path to: C:\ST\STM32CubeIDE_1.19.0\STM32CubeIDE\plugins\com.st.stm32cube.common.mx_6.15.0.202507011659\\db\/plugins/boardmanager/
2026-06-22 15:46:46,024 [INFO] ApiDb:261 - Set plugin images path to: C:\ST\STM32CubeIDE_1.19.0\STM32CubeIDE\plugins\com.st.stm32cube.common.mx_6.15.0.202507011659\\db\/plugins/mcufinder/images/
2026-06-22 15:46:46,024 [WARN] DbFile:41 - Overriding database path with different value: C:\Users\razab\.stmcufinder\plugins\mcufinder/ => C:\Users\razab\.stmcufinder\plugins\mcufinder
2026-06-22 15:46:46,024 [INFO] ApiDb:250 - Set database path to: C:\Users\razab\.stmcufinder\plugins\mcufinder//mcu/
2026-06-22 15:46:46,024 [WARN] DbFile:41 - Overriding database path with different value: C:\Users\razab\.stmcufinder\plugins\mcufinder/ => C:\Users\razab\.stmcufinder\plugins\mcufinder
2026-06-22 15:46:46,024 [INFO] DbMcusAds:125 - Set database path to: C:\Users\razab\.stmcufinder\plugins\mcufinder//mcu/
2026-06-22 15:46:46,025 [WARN] DbFile:41 - Overriding database path with different value: C:\Users\razab\.stmcufinder\plugins\mcufinder/ => C:\Users\razab\.stmcufinder\plugins\mcufinder
2026-06-22 15:46:46,025 [WARN] DbFile:41 - Overriding database path with different value: C:\Users\razab\.stmcufinder\plugins\mcufinder/ => C:\Users\razab\.stmcufinder\plugins\mcufinder
2026-06-22 15:46:46,025 [INFO] CrossReferenceDbSqlite:203 - Set database path to: C:\Users\razab\.stmcufinder\plugins\mcufinder//mcu/cs/
2026-06-22 15:46:46,090 [INFO] MainPanel:274 - HeapMemory: 268435456
2026-06-22 15:46:46,170 [INFO] DbMcusXml:78 - Set database path to: C:\ST\STM32CubeIDE_1.19.0\STM32CubeIDE\plugins\com.st.stm32cube.common.mx_6.15.0.202507011659\\db\/mcu/
2026-06-22 15:46:46,170 [INFO] ApiDb:274 - Set plugin database path to: C:\ST\STM32CubeIDE_1.19.0\STM32CubeIDE\plugins\com.st.stm32cube.common.mx_6.15.0.202507011659\\db\/plugins/boardmanager/
2026-06-22 15:46:46,171 [INFO] ApiDb:261 - Set plugin images path to: C:\ST\STM32CubeIDE_1.19.0\STM32CubeIDE\plugins\com.st.stm32cube.common.mx_6.15.0.202507011659\\db\/plugins/mcufinder/images/
2026-06-22 15:46:46,171 [WARN] DbFile:41 - Overriding database path with different value: C:\Users\razab\.stmcufinder\plugins\mcufinder/ => C:\Users\razab\.stmcufinder\plugins\mcufinder
2026-06-22 15:46:46,171 [INFO] ApiDb:250 - Set database path to: C:\Users\razab\.stmcufinder\plugins\mcufinder//mcu/
2026-06-22 15:46:46,171 [WARN] DbFile:41 - Overriding database path with different value: C:\Users\razab\.stmcufinder\plugins\mcufinder/ => C:\Users\razab\.stmcufinder\plugins\mcufinder
2026-06-22 15:46:46,171 [INFO] DbMcusAds:125 - Set database path to: C:\Users\razab\.stmcufinder\plugins\mcufinder//mcu/
2026-06-22 15:46:46,171 [WARN] DbFile:41 - Overriding database path with different value: C:\Users\razab\.stmcufinder\plugins\mcufinder/ => C:\Users\razab\.stmcufinder\plugins\mcufinder
2026-06-22 15:46:46,171 [WARN] DbFile:41 - Overriding database path with different value: C:\Users\razab\.stmcufinder\plugins\mcufinder/ => C:\Users\razab\.stmcufinder\plugins\mcufinder
2026-06-22 15:46:46,171 [INFO] CrossReferenceDbSqlite:203 - Set database path to: C:\Users\razab\.stmcufinder\plugins\mcufinder//mcu/cs/
2026-06-22 15:46:46,198 [INFO] ApplicationProperties:184 - Using Application install path: C:\ST\STM32CubeIDE_1.19.0\STM32CubeIDE\plugins\com.st.stm32cube.common.mx_6.15.0.202507011659
2026-06-22 15:46:46,199 [INFO] PluginManage:196 - Search for loadable plugins [exclusion list=, ]
2026-06-22 15:46:46,200 [INFO] PluginManage:310 - Check plugin analytics
2026-06-22 15:46:46,387 [INFO] AnalyticsPlugin:253 - Accepted Software Licenses: 
2026-06-22 15:46:46,388 [INFO] AnalyticsPlugin:255 - Accepted CMSIS Pack Licenses: 
2026-06-22 15:46:46,388 [INFO] AnalyticsPlugin:257 - Accepted Firmware Licenses: FW.L4.1.18.0
2026-06-22 15:46:46,391 [INFO] PluginManage:359 - Loaded plugin analytics (category:tool,tabindex:-1)
2026-06-22 15:46:46,391 [INFO] PluginManage:310 - Check plugin cadmodel
2026-06-22 15:46:46,397 [INFO] CADModel:105 - Init CAD model plugin
2026-06-22 15:46:46,397 [INFO] PluginManage:359 - Loaded plugin cadmodel (category:power,tabindex:5)
2026-06-22 15:46:46,398 [INFO] PluginManage:310 - Check plugin clock
2026-06-22 15:46:46,408 [INFO] PluginManage:359 - Loaded plugin clock (category:base,tabindex:2)
2026-06-22 15:46:46,408 [INFO] PluginManage:310 - Check plugin ddr
2026-06-22 15:46:46,410 [INFO] PluginManage:359 - Loaded plugin ddr (category:tool,tabindex:6)
2026-06-22 15:46:46,410 [INFO] PluginManage:310 - Check plugin filemanager
2026-06-22 15:46:46,582 [INFO] PluginManage:359 - Loaded plugin filemanager (category:base,tabindex:10)
2026-06-22 15:46:46,582 [INFO] PluginManage:310 - Check plugin ipmanager
2026-06-22 15:46:46,589 [INFO] PluginManage:359 - Loaded plugin ipmanager (category:base,tabindex:5)
2026-06-22 15:46:46,589 [INFO] PluginManage:310 - Check plugin lpbam
2026-06-22 15:46:46,596 [INFO] PluginManage:359 - Loaded plugin lpbam (category:base,tabindex:0)
2026-06-22 15:46:46,596 [INFO] PluginManage:310 - Check plugin memorymap
2026-06-22 15:46:46,605 [INFO] PluginManage:359 - Loaded plugin memorymap (category:base,tabindex:4)
2026-06-22 15:46:46,606 [INFO] PluginManage:310 - Check plugin pinoutandconfiguration
2026-06-22 15:46:46,617 [INFO] PluginManage:359 - Loaded plugin pinoutandconfiguration (category:base,tabindex:1)
2026-06-22 15:46:46,618 [INFO] PluginManage:310 - Check plugin pinoutconfig
2026-06-22 15:46:46,702 [WARN] SupportedApi:132 - Cannot load RTOS API schema: s4s-elt-must-match.1: The content of 'definitions' must match (annotation?, (simpleType | complexType)?, (unique | key | keyref)*)). A problem was found starting at: attribute.
2026-06-22 15:46:46,807 [INFO] PluginManage:359 - Loaded plugin pinoutconfig (category:base,tabindex:0)
2026-06-22 15:46:46,807 [INFO] PluginManage:310 - Check plugin power
2026-06-22 15:46:46,814 [INFO] PluginManage:359 - Loaded plugin power (category:power,tabindex:4)
2026-06-22 15:46:46,814 [INFO] PluginManage:310 - Check plugin projectmanager
2026-06-22 15:46:46,831 [INFO] PluginManage:359 - Loaded plugin projectmanager (category:projectmanager,tabindex:4)
2026-06-22 15:46:46,831 [INFO] PluginManage:310 - Check plugin rif
2026-06-22 15:46:46,840 [INFO] PluginManage:359 - Loaded plugin rif (category:base,tabindex:3)
2026-06-22 15:46:46,840 [INFO] PluginManage:310 - Check plugin thirdparty
2026-06-22 15:46:46,955 [INFO] PluginManage:359 - Loaded plugin thirdparty (category:base,tabindex:-1)
2026-06-22 15:46:46,955 [INFO] PluginManage:310 - Check plugin tools
2026-06-22 15:46:46,955 [WARN] IntegrityCheckThread:84 - waiting for thirdparty lock release [integrity check]
2026-06-22 15:46:46,955 [INFO] IntegrityCheckThread:86 - entering critical section [integrity check]
2026-06-22 15:46:46,956 [INFO] ThirdPartyUpdaterWithRetryManager:70 - Updater plugin not ready yet. [1/15]
2026-06-22 15:46:46,957 [INFO] PluginManage:359 - Loaded plugin tools (category:base,tabindex:7)
2026-06-22 15:46:46,957 [INFO] PluginManage:310 - Check plugin tutovideos
2026-06-22 15:46:47,095 [INFO] PluginManage:359 - Loaded plugin tutovideos (category:base,tabindex:-1)
2026-06-22 15:46:47,095 [INFO] PluginManage:310 - Check plugin updater
2026-06-22 15:46:47,114 [INFO] PluginManage:359 - Loaded plugin updater (category:base,tabindex:12)
2026-06-22 15:46:47,114 [INFO] PluginManage:310 - Check plugin userauth
2026-06-22 15:46:47,118 [INFO] UserAuth:118 - Init User Auth plugin
2026-06-22 15:46:47,118 [INFO] PluginManage:359 - Loaded plugin userauth (category:base,tabindex:14)
2026-06-22 15:46:47,119 [INFO] PluginManage:283 - PluginManage : Loaded plugins [18]
2026-06-22 15:46:47,277 [INFO] PinOutPanel:1589 - setPackage(No Configuration,No Configuration)
2026-06-22 15:46:47,341 [INFO] CADModel:165 - CPN selected for project level
2026-06-22 15:46:47,341 [INFO] CADModel:114 - Register for checkConnection events
2026-06-22 15:46:47,353 [INFO] IPUIPlugin:80 - create IPUIPlugin
2026-06-22 15:46:47,353 [INFO] PluginManager:220 - loadIPPluginJar : add adc
2026-06-22 15:46:47,355 [INFO] IPUIPlugin:80 - create IPUIPlugin
2026-06-22 15:46:47,355 [INFO] PluginManager:220 - loadIPPluginJar : add aes
2026-06-22 15:46:47,357 [INFO] IPUIPlugin:80 - create IPUIPlugin
2026-06-22 15:46:47,357 [INFO] PluginManager:220 - loadIPPluginJar : add can
2026-06-22 15:46:47,358 [INFO] IPUIPlugin:80 - create IPUIPlugin
2026-06-22 15:46:47,358 [INFO] PluginManager:220 - loadIPPluginJar : add comp
2026-06-22 15:46:47,360 [INFO] IPUIPlugin:80 - create IPUIPlugin
2026-06-22 15:46:47,360 [INFO] PluginManager:220 - loadIPPluginJar : add cryp
2026-06-22 15:46:47,361 [INFO] IPUIPlugin:80 - create IPUIPlugin
2026-06-22 15:46:47,362 [INFO] PluginManager:220 - loadIPPluginJar : add ddr_ctrl_phy
2026-06-22 15:46:47,363 [INFO] IPUIPlugin:80 - create IPUIPlugin
2026-06-22 15:46:47,363 [INFO] PluginManager:220 - loadIPPluginJar : add dfsdm
2026-06-22 15:46:47,367 [INFO] IPUIPlugin:80 - create IPUIPlugin
2026-06-22 15:46:47,367 [INFO] PluginManager:220 - loadIPPluginJar : add dma
2026-06-22 15:46:47,369 [INFO] IPUIPlugin:80 - create IPUIPlugin
2026-06-22 15:46:47,369 [INFO] PluginManager:220 - loadIPPluginJar : add dma3
2026-06-22 15:46:47,371 [INFO] IPUIPlugin:80 - create IPUIPlugin
2026-06-22 15:46:47,371 [INFO] PluginManager:220 - loadIPPluginJar : add extmemmanager
2026-06-22 15:46:47,372 [INFO] IPUIPlugin:80 - create IPUIPlugin
2026-06-22 15:46:47,372 [INFO] PluginManager:220 - loadIPPluginJar : add fatfs
2026-06-22 15:46:47,376 [INFO] IPUIPlugin:80 - create IPUIPlugin
2026-06-22 15:46:47,376 [INFO] PluginManager:220 - loadIPPluginJar : add fmc
2026-06-22 15:46:47,381 [INFO] IPUIPlugin:80 - create IPUIPlugin
2026-06-22 15:46:47,381 [INFO] PluginManager:220 - loadIPPluginJar : add freertos
2026-06-22 15:46:47,382 [INFO] IPUIPlugin:80 - create IPUIPlugin
2026-06-22 15:46:47,382 [INFO] PluginManager:220 - loadIPPluginJar : add genericplugin
2026-06-22 15:46:47,383 [INFO] IPUIPlugin:80 - create IPUIPlugin
2026-06-22 15:46:47,384 [INFO] PluginManager:220 - loadIPPluginJar : add gfxmmu
2026-06-22 15:46:47,387 [INFO] IPUIPlugin:80 - create IPUIPlugin
2026-06-22 15:46:47,387 [INFO] PluginManager:220 - loadIPPluginJar : add gic
2026-06-22 15:46:47,390 [INFO] IPUIPlugin:80 - create IPUIPlugin
2026-06-22 15:46:47,390 [INFO] PluginManager:220 - loadIPPluginJar : add gpio
2026-06-22 15:46:47,392 [INFO] IPUIPlugin:80 - create IPUIPlugin
2026-06-22 15:46:47,392 [INFO] PluginManager:220 - loadIPPluginJar : add gtzc
2026-06-22 15:46:47,393 [INFO] IPUIPlugin:80 - create IPUIPlugin
2026-06-22 15:46:47,393 [INFO] PluginManager:220 - loadIPPluginJar : add hash
2026-06-22 15:46:47,395 [INFO] IPUIPlugin:80 - create IPUIPlugin
2026-06-22 15:46:47,396 [INFO] PluginManager:220 - loadIPPluginJar : add i2c
2026-06-22 15:46:47,398 [INFO] IPUIPlugin:80 - create IPUIPlugin
2026-06-22 15:46:47,398 [INFO] PluginManager:220 - loadIPPluginJar : add i2s
2026-06-22 15:46:47,400 [INFO] IPUIPlugin:80 - create IPUIPlugin
2026-06-22 15:46:47,400 [INFO] PluginManager:220 - loadIPPluginJar : add i3c
2026-06-22 15:46:47,403 [INFO] IPUIPlugin:80 - create IPUIPlugin
2026-06-22 15:46:47,403 [INFO] PluginManager:220 - loadIPPluginJar : add ipddr
2026-06-22 15:46:47,408 [INFO] IPUIPlugin:80 - create IPUIPlugin
2026-06-22 15:46:47,408 [INFO] PluginManager:220 - loadIPPluginJar : add linkedlist
2026-06-22 15:46:47,412 [INFO] IPUIPlugin:80 - create IPUIPlugin
2026-06-22 15:46:47,412 [INFO] PluginManager:220 - loadIPPluginJar : add lorawan
2026-06-22 15:46:47,413 [INFO] IPUIPlugin:80 - create IPUIPlugin
2026-06-22 15:46:47,413 [INFO] PluginManager:220 - loadIPPluginJar : add ltdc
2026-06-22 15:46:47,417 [INFO] IPUIPlugin:80 - create IPUIPlugin
2026-06-22 15:46:47,417 [INFO] PluginManager:220 - loadIPPluginJar : add mdma
2026-06-22 15:46:47,419 [INFO] IPUIPlugin:80 - create IPUIPlugin
2026-06-22 15:46:47,420 [INFO] PluginManager:220 - loadIPPluginJar : add nvic
2026-06-22 15:46:47,422 [INFO] IPUIPlugin:80 - create IPUIPlugin
2026-06-22 15:46:47,422 [INFO] PluginManager:220 - loadIPPluginJar : add opamp
2026-06-22 15:46:47,423 [INFO] IPUIPlugin:80 - create IPUIPlugin
2026-06-22 15:46:47,424 [INFO] PluginManager:220 - loadIPPluginJar : add openamp
2026-06-22 15:46:47,426 [INFO] IPUIPlugin:80 - create IPUIPlugin
2026-06-22 15:46:47,426 [INFO] PluginManager:220 - loadIPPluginJar : add pdm2pcm
2026-06-22 15:46:47,430 [INFO] IPUIPlugin:80 - create IPUIPlugin
2026-06-22 15:46:47,433 [INFO] PluginManager:220 - loadIPPluginJar : add plateformsettings
2026-06-22 15:46:47,434 [INFO] IPUIPlugin:80 - create IPUIPlugin
2026-06-22 15:46:47,434 [INFO] PluginManager:220 - loadIPPluginJar : add quadspi
2026-06-22 15:46:47,435 [INFO] IPUIPlugin:80 - create IPUIPlugin
2026-06-22 15:46:47,436 [INFO] PluginManager:220 - loadIPPluginJar : add radio
2026-06-22 15:46:47,438 [INFO] IPUIPlugin:80 - create IPUIPlugin
2026-06-22 15:46:47,438 [INFO] PluginManager:220 - loadIPPluginJar : add resmgrutility
2026-06-22 15:46:47,440 [INFO] IPUIPlugin:80 - create IPUIPlugin
2026-06-22 15:46:47,440 [INFO] PluginManager:220 - loadIPPluginJar : add sai
2026-06-22 15:46:47,442 [INFO] IPUIPlugin:80 - create IPUIPlugin
2026-06-22 15:46:47,442 [INFO] PluginManager:220 - loadIPPluginJar : add spi
2026-06-22 15:46:47,447 [INFO] IPUIPlugin:80 - create IPUIPlugin
2026-06-22 15:46:47,447 [INFO] PluginManager:220 - loadIPPluginJar : add stm32_wpan
2026-06-22 15:46:47,448 [INFO] IPUIPlugin:80 - create IPUIPlugin
2026-06-22 15:46:47,448 [INFO] PluginManager:220 - loadIPPluginJar : add tim
2026-06-22 15:46:47,451 [INFO] IPUIPlugin:80 - create IPUIPlugin
2026-06-22 15:46:47,451 [INFO] PluginManager:220 - loadIPPluginJar : add touchsensing
2026-06-22 15:46:47,452 [INFO] IPUIPlugin:80 - create IPUIPlugin
2026-06-22 15:46:47,453 [INFO] PluginManager:220 - loadIPPluginJar : add tracer_emb
2026-06-22 15:46:47,454 [INFO] IPUIPlugin:80 - create IPUIPlugin
2026-06-22 15:46:47,454 [INFO] PluginManager:220 - loadIPPluginJar : add ts
2026-06-22 15:46:47,455 [INFO] IPUIPlugin:80 - create IPUIPlugin
2026-06-22 15:46:47,455 [INFO] PluginManager:220 - loadIPPluginJar : add tsc
2026-06-22 15:46:47,456 [INFO] IPUIPlugin:80 - create IPUIPlugin
2026-06-22 15:46:47,456 [INFO] PluginManager:220 - loadIPPluginJar : add ucpd
2026-06-22 15:46:47,458 [INFO] IPUIPlugin:80 - create IPUIPlugin
2026-06-22 15:46:47,458 [INFO] PluginManager:220 - loadIPPluginJar : add usart
2026-06-22 15:46:47,460 [INFO] IPUIPlugin:80 - create IPUIPlugin
2026-06-22 15:46:47,461 [INFO] PluginManager:220 - loadIPPluginJar : add usbx
2026-06-22 15:46:47,578 [FATAL] Updater:351 - Updater called before beeing initialized
2026-06-22 15:46:47,601 [INFO] RulesReader:64 - Compatibility file has been processed (317 Rules)
2026-06-22 15:46:47,609 [INFO] RulesReader:64 - Compatibility file has been processed (317 Rules)
2026-06-22 15:46:47,619 [INFO] CADModel:165 - CPN selected for project level
2026-06-22 15:46:47,619 [INFO] CADModel:114 - Register for checkConnection events
2026-06-22 15:46:47,619 [FATAL] Updater:351 - Updater called before beeing initialized
2026-06-22 15:46:47,619 [ERROR] CADModel:125 - Updater not yet initialized, retry later 
2026-06-22 15:46:47,752 [FATAL] Updater:351 - Updater called before beeing initialized
2026-06-22 15:46:47,753 [INFO] CADModel:165 - CPN selected for project level
2026-06-22 15:46:47,753 [INFO] CADModel:114 - Register for checkConnection events
2026-06-22 15:46:47,754 [FATAL] Updater:351 - Updater called before beeing initialized
2026-06-22 15:46:47,754 [ERROR] CADModel:125 - Updater not yet initialized, retry later 
2026-06-22 15:46:47,756 [FATAL] Updater:351 - Updater called before beeing initialized
2026-06-22 15:46:47,852 [FATAL] Updater:351 - Updater called before beeing initialized
2026-06-22 15:46:47,855 [INFO] DbMcusAds:53 - JSON generation date=Thu May 28 19:08:17 IDT 2026 (1779984497073)
2026-06-22 15:46:47,855 [FATAL] Updater:351 - Updater called before beeing initialized
2026-06-22 15:46:47,883 [WARN] DetailPanel:346 - Failed to get advertising image, set to default
2026-06-22 15:46:47,994 [FATAL] Updater:351 - Updater called before beeing initialized
2026-06-22 15:46:47,995 [FATAL] Updater:351 - Updater called before beeing initialized
2026-06-22 15:46:47,995 [FATAL] Updater:351 - Updater called before beeing initialized
2026-06-22 15:46:47,996 [WARN] DetailPanel:346 - Failed to get advertising image, set to default
2026-06-22 15:46:47,997 [FATAL] Updater:351 - Updater called before beeing initialized
2026-06-22 15:46:48,033 [ERROR] Updater:1198 - MainUpdater not yet initialized. External WinMGr cannot be set.
2026-06-22 15:46:48,034 [INFO] Updater:1134 - Updater Version found : 6.15.0
2026-06-22 15:46:48,047 [INFO] ApplicationProperties:184 - Using Application install path: C:\ST\STM32CubeIDE_1.19.0\STM32CubeIDE\plugins\com.st.stm32cube.common.mx_6.15.0.202507011659
2026-06-22 15:46:49,617 [ERROR] LogOutputStream:75 - [STDERR_REDIRECT] Jun 22, 2026 3:46:49 PM java.util.prefs.WindowsPreferences <init>
2026-06-22 15:46:49,618 [ERROR] LogOutputStream:75 - [STDERR_REDIRECT] WARNING: Could not open/create prefs root node Software\JavaSoft\Prefs at root 0xffffffff80000002. Windows RegCreateKeyEx(...) returned error code 5.
2026-06-22 15:46:49,618 [ERROR] LogOutputStream:75 - [STDERR_REDIRECT] 
2026-06-22 15:46:49,958 [INFO] ThirdPartyUpdaterWithRetryManager:70 - Updater plugin not ready yet. [2/15]
2026-06-22 15:46:50,195 [INFO] MainUpdater:2872 - connection check result : 10
2026-06-22 15:46:50,195 [INFO] MainUpdater:289 - Updater Check For Update Now.
2026-06-22 15:46:50,195 [INFO] MicroXplorer:498 - Change Database Version : DB.6.0.150
2026-06-22 15:46:50,205 [INFO] McuFinderGlobals:63 - Set McuFinder mode to 2 (CubeIDE integrated)
2026-06-22 15:46:50,206 [INFO] UserAuth:487 - Internet connection configuration mode: 1
2026-06-22 15:46:50,233 [INFO] JxBrowserEngine:152 - Initiate JxBrowser Engine with user profile folder
2026-06-22 15:46:50,382 [INFO] CheckServerUpdateThread:120 - End of CheckServer Thread
2026-06-22 15:46:50,812 [INFO] WebApp:169 - Instantiating new browser for Auth
2026-06-22 15:46:51,395 [INFO] WebApp:463 - Apply proxy settings
2026-06-22 15:46:51,396 [INFO] WebApp:548 - Chromium requires no authentication
2026-06-22 15:46:51,403 [INFO] WebApp:491 - Direct internet connection detected
2026-06-22 15:46:51,424 [INFO] WebApp:900 - Register for checkConnection events
2026-06-22 15:46:51,424 [INFO] WebApp:463 - Apply proxy settings
2026-06-22 15:46:51,424 [INFO] WebApp:548 - Chromium requires no authentication
2026-06-22 15:46:51,425 [INFO] WebApp:491 - Direct internet connection detected
2026-06-22 15:46:51,558 [INFO] WebApp:225 - Starting web application
2026-06-22 15:46:51,558 [INFO] WebApp:593 - Web application path used C:\ST\STM32CubeIDE_1.19.0\STM32CubeIDE\plugins\com.st.stm32cube.common.mx_6.15.0.202507011659\db\plugins\mcufinder\reactClient1\index.html
2026-06-22 15:46:51,631 [INFO] UserAuth:487 - Internet connection configuration mode: 1
2026-06-22 15:46:51,699 [ERROR] LogOutputStream:75 - [STDERR_REDIRECT] [Fatal Error] :1:1: Premature end of file.
2026-06-22 15:46:51,699 [ERROR] LogOutputStream:75 - [STDERR_REDIRECT] 
2026-06-22 15:46:51,931 [INFO] WebApp:191 - Connection restablished
2026-06-22 15:46:52,693 [ERROR] LogOutputStream:75 - [STDERR_REDIRECT] [Fatal Error] :1:1: Premature end of file.
2026-06-22 15:46:52,693 [ERROR] LogOutputStream:75 - [STDERR_REDIRECT] 
2026-06-22 15:46:53,178 [WARN] PackLoader:240 - Cannot read IP mode file for STMicroelectronics.X-CUBE-AZRTOS-H7.3.5.0
2026-06-22 15:46:53,191 [WARN] PackLoader:240 - Cannot read IP mode file for STMicroelectronics.FP-ATR-ASTRA1.2.0.2
2026-06-22 15:46:53,208 [ERROR] Engine:466 - C:\Users\razab\.stm32cubemx\thirdparties\pdsc\STMicroelectronics.X-CUBE-SMBUS.2.1.1.pdsc: PDSC version is not supported
2026-06-22 15:46:53,228 [WARN] PackLoader:240 - Cannot read IP mode file for STMicroelectronics.X-CUBE-AZRTOS-F7.1.1.0
2026-06-22 15:46:53,237 [WARN] PackLoader:240 - Cannot read IP mode file for STMicroelectronics.FP-SNS-MOTENV1.5.1.0
2026-06-22 15:46:53,251 [WARN] PackLoader:240 - Cannot read IP mode file for WES.I-CUBE-Cesium.1.4.0
2026-06-22 15:46:53,260 [WARN] PackLoader:240 - Cannot read IP mode file for STMicroelectronics.X-CUBE-DISPLAY.3.0.0
2026-06-22 15:46:53,275 [WARN] PackLoader:240 - Cannot read IP mode file for STMicroelectronics.X-CUBE-GNSS1.7.1.1
2026-06-22 15:46:53,281 [WARN] PackLoader:240 - Cannot read IP mode file for STMicroelectronics.FP-SNS-MOTENVWB1.1.5.0
2026-06-22 15:46:53,286 [WARN] PackLoader:240 - Cannot read IP mode file for wolfSSL.I-CUBE-wolfSSL.5.9.1
2026-06-22 15:46:53,293 [WARN] PackLoader:240 - Cannot read IP mode file for STMicroelectronics.X-CUBE-NFC10.1.0.0
2026-06-22 15:46:53,301 [WARN] PackLoader:240 - Cannot read IP mode file for STMicroelectronics.X-CUBE-ST60.1.1.0
2026-06-22 15:46:53,307 [WARN] PackLoader:240 - Cannot read IP mode file for emotas.I-CUBE-CANOPEN.1.3.0
2026-06-22 15:46:53,316 [WARN] PackLoader:240 - Cannot read IP mode file for STMicroelectronics.FP-SNS-STBOX1.2.1.0
2026-06-22 15:46:53,323 [WARN] PackLoader:240 - Cannot read IP mode file for STMicroelectronics.FP-SNS-SMARTAG2.1.2.0
2026-06-22 15:46:53,328 [WARN] PackLoader:240 - Cannot read IP mode file for STMicroelectronics.FP-SNS-FLIGHT1.5.1.0
2026-06-22 15:46:53,339 [INFO] LogOutputStream:77 - [STDOUT_REDIRECT] 1 : Invalid condition id : UX_CORESTACK_Condition cause : null
2026-06-22 15:46:53,340 [INFO] LogOutputStream:77 - [STDOUT_REDIRECT] 1 : Invalid condition id : UX_CORESTACK_Condition cause : null
2026-06-22 15:46:53,342 [INFO] LogOutputStream:77 - [STDOUT_REDIRECT] 1 : Invalid condition id : UX_CORESTACK_Condition cause : null
2026-06-22 15:46:53,343 [INFO] LogOutputStream:77 - [STDOUT_REDIRECT] 1 : Invalid condition id : UX_CORESTACK_Condition cause : null
2026-06-22 15:46:53,344 [INFO] LogOutputStream:77 - [STDOUT_REDIRECT] 1 : Invalid condition id : UX_CORESTACK_Condition cause : null
2026-06-22 15:46:53,347 [WARN] PackLoader:240 - Cannot read IP mode file for STMicroelectronics.X-CUBE-AZRTOS-WL.2.0.0
2026-06-22 15:46:53,366 [WARN] PackLoader:240 - Cannot read IP mode file for STMicroelectronics.X-CUBE-AZRTOS-H7RS.1.2.0
2026-06-22 15:46:53,374 [WARN] PackLoader:240 - Cannot read IP mode file for STMicroelectronics.X-CUBE-BLE2.3.3.0
2026-06-22 15:46:53,408 [WARN] PackLoader:240 - Cannot read IP mode file for Infineon.AIROC-Wi-Fi-Bluetooth-STM32.1.8.0
2026-06-22 15:46:53,426 [WARN] PackLoader:240 - Cannot read IP mode file for STMicroelectronics.X-CUBE-NFC9.1.0.0
2026-06-22 15:46:53,433 [WARN] PackLoader:240 - Cannot read IP mode file for STMicroelectronics.X-CUBE-BLE1.7.1.0
2026-06-22 15:46:53,439 [WARN] PackLoader:240 - Cannot read IP mode file for wolfSSL.I-CUBE-wolfMQTT.1.19.2
2026-06-22 15:46:53,445 [WARN] PackLoader:240 - Cannot read IP mode file for STMicroelectronics.X-CUBE-EEPRMA1.5.2.0
2026-06-22 15:46:53,640 [WARN] PackLoader:240 - Cannot read IP mode file for STMicroelectronics.FP-SNS-STAIOTCFT.1.1.0
2026-06-22 15:46:53,651 [WARN] PackLoader:240 - Cannot read IP mode file for STMicroelectronics.X-CUBE-AZRTOS-G0.1.1.0
2026-06-22 15:46:53,656 [WARN] PackLoader:240 - Cannot read IP mode file for STMicroelectronics.X-CUBE-NFC4.3.0.0
2026-06-22 15:46:53,664 [WARN] PackLoader:240 - Cannot read IP mode file for EmbeddedOffice.I-CUBE-FS-RTOS.1.0.1
2026-06-22 15:46:53,668 [WARN] PackLoader:240 - Cannot read IP mode file for wolfSSL.I-CUBE-wolfTPM.3.8.0
2026-06-22 15:46:53,673 [WARN] PackLoader:240 - Cannot read IP mode file for STMicroelectronics.X-CUBE-TCPP.4.2.0
2026-06-22 15:46:53,678 [WARN] PackLoader:240 - Cannot read IP mode file for RealThread.X-CUBE-RT-Thread_Nano.4.1.1
2026-06-22 15:46:53,681 [WARN] PackLoader:240 - Cannot read IP mode file for STMicroelectronics.FP-ATR-SIGFOX1.3.2.0
2026-06-22 15:46:53,687 [WARN] PackLoader:240 - Cannot read IP mode file for STMicroelectronics.X-CUBE-FREERTOS.1.5.0
2026-06-22 15:46:53,694 [ERROR] LogOutputStream:75 - [STDERR_REDIRECT] [Fatal Error] :1:1: Premature end of file.
2026-06-22 15:46:53,695 [ERROR] LogOutputStream:75 - [STDERR_REDIRECT] 
2026-06-22 15:46:53,736 [WARN] PackLoader:240 - Cannot read IP mode file for ITTIA_DB.I-CUBE-ITTIADB.8.9.0
2026-06-22 15:46:53,739 [WARN] PackLoader:240 - Cannot read IP mode file for Cesanta.I-CUBE-Mongoose.7.21.7
2026-06-22 15:46:53,744 [WARN] PackLoader:240 - Cannot read IP mode file for STMicroelectronics.X-CUBE-NFC6.3.2.0
2026-06-22 15:46:53,750 [WARN] PackLoader:240 - Cannot read IP mode file for STMicroelectronics.X-CUBE-AI.10.2.1
2026-06-22 15:46:53,753 [WARN] PackLoader:240 - Cannot read IP mode file for STMicroelectronics.X-CUBE-AI.10.2.0
2026-06-22 15:46:53,785 [WARN] PackLoader:240 - Cannot read IP mode file for STMicroelectronics.X-CUBE-MEMS1.12.1.0
2026-06-22 15:46:53,855 [WARN] PackLoader:240 - Cannot read IP mode file for SEGGER.I-CUBE-embOS.1.3.1
2026-06-22 15:46:53,925 [WARN] PackLoader:240 - Cannot read IP mode file for STMicroelectronics.X-CUBE-NFC13.1.0.0
2026-06-22 15:46:53,932 [WARN] PackLoader:240 - Cannot read IP mode file for STMicroelectronics.X-CUBE-PM33A1.1.0.0
2026-06-22 15:46:53,947 [WARN] PackLoader:240 - Cannot read IP mode file for STMicroelectronics.X-CUBE-AZRTOS-F4.1.1.0
2026-06-22 15:46:53,952 [WARN] PackLoader:240 - Cannot read IP mode file for STMicroelectronics.X-CUBE-ISPU.2.1.0
2026-06-22 15:46:53,961 [WARN] PackLoader:240 - Cannot read IP mode file for STMicroelectronics.X-CUBE-IPS.3.2.0
2026-06-22 15:46:53,968 [WARN] PackLoader:240 - Cannot read IP mode file for STMicroelectronics.eDS-WB_DPC_TT-BIDIR.2.1.1
2026-06-22 15:46:53,973 [WARN] PackLoader:240 - Cannot read IP mode file for STMicroelectronics.X-CUBE-NFC12.1.0.0
2026-06-22 15:46:53,983 [WARN] PackLoader:240 - Cannot read IP mode file for STMicroelectronics.X-CUBE-AZRTOS-L5.2.0.0
2026-06-22 15:46:53,990 [WARN] PackLoader:240 - Cannot read IP mode file for STMicroelectronics.X-CUBE-ALGOBUILD.1.5.0
2026-06-22 15:46:53,994 [WARN] PackLoader:240 - Cannot read IP mode file for STMicroelectronics.eDS-WB_DPC_VIENNA.1.2.0
2026-06-22 15:46:53,997 [WARN] PackLoader:240 - Cannot read IP mode file for STMicroelectronics.eDS-WB_DPC_3PH2L-BIDIR.1.1.1
2026-06-22 15:46:54,000 [ERROR] Engine:466 - C:\Users\razab\.stm32cubemx\thirdparties\pdsc\STMicroelectronics.X-CUBE-ST67W61.1.3.0.pdsc: PDSC version is not supported
2026-06-22 15:46:54,005 [WARN] PackLoader:240 - Cannot read IP mode file for STMicroelectronics.X-CUBE-TOUCHGFX.4.26.1
2026-06-22 15:46:54,009 [WARN] PackLoader:240 - Cannot read IP mode file for STMicroelectronics.X-CUBE-DPower.1.3.0
2026-06-22 15:46:54,037 [WARN] ConditionMgr:438 - getConditionDescription Invalid condition id : LAN8742 Phy interface Condition cause : null
2026-06-22 15:46:54,037 [WARN] PackLoader:240 - Cannot read IP mode file for STMicroelectronics.X-CUBE-AZRTOS-L4.2.0.0
2026-06-22 15:46:54,038 [WARN] ConditionMgr:1044 - genDependencies : Invalid condition id : LAN8742 Phy interface Condition cause : null
2026-06-22 15:46:54,039 [WARN] ConditionMgr:1044 - genDependencies : Invalid condition id : LAN8742 Phy interface Condition cause : null
2026-06-22 15:46:54,039 [WARN] ConditionMgr:1044 - genDependencies : Invalid condition id : LAN8742 Phy interface Condition cause : null
2026-06-22 15:46:54,046 [WARN] PackLoader:240 - Cannot read IP mode file for STMicroelectronics.X-CUBE-SFXS2LP1.4.0.0
2026-06-22 15:46:54,051 [WARN] PackLoader:240 - Cannot read IP mode file for STMicroelectronics.X-CUBE-WB05N.2.1.0
2026-06-22 15:46:54,058 [WARN] PackLoader:240 - Cannot read IP mode file for STMicroelectronics.X-CUBE-BLEMGR.4.1.0
2026-06-22 15:46:54,068 [WARN] ConditionMgr:438 - getConditionDescription Invalid condition id : UX DEVICE CLASS RTOS Condition cause : null
2026-06-22 15:46:54,068 [WARN] ConditionMgr:438 - getConditionDescription Invalid condition id : UX DEVICE CLASS RTOS Condition cause : null
2026-06-22 15:46:54,069 [WARN] PackLoader:240 - Cannot read IP mode file for STMicroelectronics.X-CUBE-AZRTOS-WB.2.0.0
2026-06-22 15:46:54,070 [WARN] ConditionMgr:1044 - genDependencies : Invalid condition id : UX DEVICE CLASS RTOS Condition cause : null
2026-06-22 15:46:54,070 [WARN] ConditionMgr:1044 - genDependencies : Invalid condition id : UX DEVICE CLASS RTOS Condition cause : null
2026-06-22 15:46:54,070 [WARN] ConditionMgr:1044 - genDependencies : Invalid condition id : UX DEVICE CLASS RTOS Condition cause : null
2026-06-22 15:46:54,070 [WARN] ConditionMgr:1044 - genDependencies : Invalid condition id : UX DEVICE CLASS RTOS Condition cause : null
2026-06-22 15:46:54,070 [WARN] ConditionMgr:1044 - genDependencies : Invalid condition id : UX DEVICE CLASS RTOS Condition cause : null
2026-06-22 15:46:54,075 [WARN] ConditionMgr:438 - getConditionDescription Invalid condition id : Cortex-A Device cause : null
2026-06-22 15:46:54,085 [WARN] ConditionMgr:1044 - genDependencies : Invalid condition id : Cortex-A Device cause : null
2026-06-22 15:46:54,085 [WARN] ConditionMgr:1044 - genDependencies : Invalid condition id : Cortex-A Device cause : null
2026-06-22 15:46:54,086 [WARN] ConditionMgr:1044 - genDependencies : Invalid condition id : Cortex-A Device cause : null
2026-06-22 15:46:54,092 [WARN] PackLoader:240 - Cannot read IP mode file for STMicroelectronics.X-CUBE-STSE01.2.0.0
2026-06-22 15:46:54,100 [WARN] PackLoader:240 - Cannot read IP mode file for STMicroelectronics.X-CUBE-SUBG2.5.0.0
2026-06-22 15:46:54,113 [WARN] PackLoader:240 - Cannot read IP mode file for STMicroelectronics.X-CUBE-AZRTOS-G4.2.0.0
2026-06-22 15:46:54,117 [WARN] PackLoader:240 - Cannot read IP mode file for wolfSSL.I-CUBE-wolfSSH.1.4.20
2026-06-22 15:46:54,120 [WARN] PackLoader:240 - Cannot read IP mode file for STMicroelectronics.X-CUBE-NFC7.2.0.0
2026-06-22 15:46:54,127 [WARN] PackLoader:240 - Cannot read IP mode file for STMicroelectronics.X-CUBE-ALS.1.0.2
2026-06-22 15:46:54,134 [WARN] PackLoader:240 - Cannot read IP mode file for STMicroelectronics.X-CUBE-TOF1.3.4.3
2026-06-22 15:46:54,142 [INFO] ThirdParty:978 - Integrity check success = true
2026-06-22 15:46:54,142 [INFO] IntegrityCheckThread:100 - exiting critical section [integrity check]
2026-06-22 15:46:54,142 [INFO] IntegrityCheckThread:103 - End integrity checks thread
2026-06-22 15:46:54,687 [ERROR] LogOutputStream:75 - [STDERR_REDIRECT] [Fatal Error] :1:1: Premature end of file.
2026-06-22 15:46:54,688 [ERROR] LogOutputStream:75 - [STDERR_REDIRECT] 
2026-06-22 15:46:55,690 [ERROR] LogOutputStream:75 - [STDERR_REDIRECT] [Fatal Error] :1:1: Premature end of file.
2026-06-22 15:46:55,690 [ERROR] LogOutputStream:75 - [STDERR_REDIRECT] 
2026-06-22 15:46:56,692 [ERROR] LogOutputStream:75 - [STDERR_REDIRECT] [Fatal Error] :1:1: Premature end of file.
2026-06-22 15:46:56,692 [ERROR] LogOutputStream:75 - [STDERR_REDIRECT] 
2026-06-22 15:46:57,689 [ERROR] LogOutputStream:75 - [STDERR_REDIRECT] [Fatal Error] :1:1: Premature end of file.
2026-06-22 15:46:57,689 [ERROR] LogOutputStream:75 - [STDERR_REDIRECT] 
2026-06-22 15:46:58,690 [ERROR] LogOutputStream:75 - [STDERR_REDIRECT] [Fatal Error] :1:1: Premature end of file.
2026-06-22 15:46:58,690 [ERROR] LogOutputStream:75 - [STDERR_REDIRECT] 
2026-06-22 15:46:59,688 [ERROR] LogOutputStream:75 - [STDERR_REDIRECT] [Fatal Error] :1:1: Premature end of file.
2026-06-22 15:46:59,689 [ERROR] LogOutputStream:75 - [STDERR_REDIRECT] 
2026-06-22 15:47:00,689 [ERROR] LogOutputStream:75 - [STDERR_REDIRECT] [Fatal Error] :1:1: Premature end of file.
2026-06-22 15:47:00,689 [ERROR] LogOutputStream:75 - [STDERR_REDIRECT] 
2026-06-22 15:47:01,688 [ERROR] LogOutputStream:75 - [STDERR_REDIRECT] [Fatal Error] :1:1: Premature end of file.
2026-06-22 15:47:01,688 [ERROR] LogOutputStream:75 - [STDERR_REDIRECT] 
2026-06-22 15:47:02,687 [ERROR] LogOutputStream:75 - [STDERR_REDIRECT] [Fatal Error] :1:1: Premature end of file.
2026-06-22 15:47:02,687 [ERROR] LogOutputStream:75 - [STDERR_REDIRECT] 
2026-06-22 15:47:03,688 [ERROR] LogOutputStream:75 - [STDERR_REDIRECT] [Fatal Error] :1:1: Premature end of file.
2026-06-22 15:47:03,688 [ERROR] LogOutputStream:75 - [STDERR_REDIRECT] 
2026-06-22 15:47:04,689 [ERROR] LogOutputStream:75 - [STDERR_REDIRECT] [Fatal Error] :1:1: Premature end of file.
2026-06-22 15:47:04,690 [ERROR] LogOutputStream:75 - [STDERR_REDIRECT] 
2026-06-22 15:47:05,687 [ERROR] LogOutputStream:75 - [STDERR_REDIRECT] [Fatal Error] :1:1: Premature end of file.
2026-06-22 15:47:05,687 [ERROR] LogOutputStream:75 - [STDERR_REDIRECT] 
2026-06-22 15:47:06,687 [ERROR] LogOutputStream:75 - [STDERR_REDIRECT] [Fatal Error] :1:1: Premature end of file.
2026-06-22 15:47:06,687 [ERROR] LogOutputStream:75 - [STDERR_REDIRECT] 
2026-06-22 15:47:07,691 [ERROR] LogOutputStream:75 - [STDERR_REDIRECT] [Fatal Error] :1:1: Premature end of file.
2026-06-22 15:47:07,692 [ERROR] LogOutputStream:75 - [STDERR_REDIRECT] 
2026-06-22 15:47:08,689 [ERROR] LogOutputStream:75 - [STDERR_REDIRECT] [Fatal Error] :1:1: Premature end of file.
2026-06-22 15:47:08,689 [ERROR] LogOutputStream:75 - [STDERR_REDIRECT] 
2026-06-22 15:47:09,689 [ERROR] LogOutputStream:75 - [STDERR_REDIRECT] [Fatal Error] :1:1: Premature end of file.
2026-06-22 15:47:09,689 [ERROR] LogOutputStream:75 - [STDERR_REDIRECT] 
2026-06-22 15:47:10,688 [ERROR] LogOutputStream:75 - [STDERR_REDIRECT] [Fatal Error] :1:1: Premature end of file.
2026-06-22 15:47:10,688 [ERROR] LogOutputStream:75 - [STDERR_REDIRECT] 
2026-06-22 15:47:11,693 [ERROR] LogOutputStream:75 - [STDERR_REDIRECT] [Fatal Error] :1:1: Premature end of file.
2026-06-22 15:47:11,694 [ERROR] LogOutputStream:75 - [STDERR_REDIRECT] 
2026-06-22 15:47:12,688 [ERROR] LogOutputStream:75 - [STDERR_REDIRECT] [Fatal Error] :1:1: Premature end of file.
2026-06-22 15:47:12,688 [ERROR] LogOutputStream:75 - [STDERR_REDIRECT] 
2026-06-22 15:47:13,699 [ERROR] LogOutputStream:75 - [STDERR_REDIRECT] [Fatal Error] :1:1: Premature end of file.
2026-06-22 15:47:13,700 [ERROR] LogOutputStream:75 - [STDERR_REDIRECT] 
2026-06-22 15:47:14,691 [ERROR] LogOutputStream:75 - [STDERR_REDIRECT] [Fatal Error] :1:1: Premature end of file.
2026-06-22 15:47:14,692 [ERROR] LogOutputStream:75 - [STDERR_REDIRECT] 
2026-06-22 15:47:15,688 [ERROR] LogOutputStream:75 - [STDERR_REDIRECT] [Fatal Error] :1:1: Premature end of file.
2026-06-22 15:47:15,689 [ERROR] LogOutputStream:75 - [STDERR_REDIRECT] 
2026-06-22 15:47:16,687 [ERROR] LogOutputStream:75 - [STDERR_REDIRECT] [Fatal Error] :1:1: Premature end of file.
2026-06-22 15:47:16,687 [ERROR] LogOutputStream:75 - [STDERR_REDIRECT] 
2026-06-22 15:47:17,687 [ERROR] LogOutputStream:75 - [STDERR_REDIRECT] [Fatal Error] :1:1: Premature end of file.
2026-06-22 15:47:17,687 [ERROR] LogOutputStream:75 - [STDERR_REDIRECT] 
2026-06-22 15:47:18,689 [ERROR] LogOutputStream:75 - [STDERR_REDIRECT] [Fatal Error] :1:1: Premature end of file.
2026-06-22 15:47:18,689 [ERROR] LogOutputStream:75 - [STDERR_REDIRECT] 
2026-06-22 15:47:19,684 [ERROR] LogOutputStream:75 - [STDERR_REDIRECT] [Fatal Error] :1:1: Premature end of file.
2026-06-22 15:47:19,684 [ERROR] LogOutputStream:75 - [STDERR_REDIRECT] 
2026-06-22 15:47:20,682 [ERROR] LogOutputStream:75 - [STDERR_REDIRECT] [Fatal Error] :1:1: Premature end of file.
2026-06-22 15:47:20,682 [ERROR] LogOutputStream:75 - [STDERR_REDIRECT] 
2026-06-22 15:47:21,687 [ERROR] LogOutputStream:75 - [STDERR_REDIRECT] [Fatal Error] :1:1: Premature end of file.
2026-06-22 15:47:21,688 [ERROR] LogOutputStream:75 - [STDERR_REDIRECT] 
2026-06-22 15:47:22,688 [ERROR] LogOutputStream:75 - [STDERR_REDIRECT] [Fatal Error] :1:1: Premature end of file.
2026-06-22 15:47:22,688 [ERROR] LogOutputStream:75 - [STDERR_REDIRECT] 
2026-06-22 15:47:23,683 [ERROR] LogOutputStream:75 - [STDERR_REDIRECT] [Fatal Error] :1:1: Premature end of file.
2026-06-22 15:47:23,684 [ERROR] LogOutputStream:75 - [STDERR_REDIRECT] 
2026-06-22 15:47:24,689 [ERROR] LogOutputStream:75 - [STDERR_REDIRECT] [Fatal Error] :1:1: Premature end of file.
2026-06-22 15:47:24,690 [ERROR] LogOutputStream:75 - [STDERR_REDIRECT] 
2026-06-22 15:47:25,689 [ERROR] LogOutputStream:75 - [STDERR_REDIRECT] [Fatal Error] :1:1: Premature end of file.
2026-06-22 15:47:25,689 [ERROR] LogOutputStream:75 - [STDERR_REDIRECT] 
2026-06-22 15:47:26,689 [ERROR] LogOutputStream:75 - [STDERR_REDIRECT] [Fatal Error] :1:1: Premature end of file.
2026-06-22 15:47:26,689 [ERROR] LogOutputStream:75 - [STDERR_REDIRECT] 
2026-06-22 15:47:27,686 [ERROR] LogOutputStream:75 - [STDERR_REDIRECT] [Fatal Error] :1:1: Premature end of file.
2026-06-22 15:47:27,686 [ERROR] LogOutputStream:75 - [STDERR_REDIRECT] 
2026-06-22 15:47:28,683 [ERROR] LogOutputStream:75 - [STDERR_REDIRECT] [Fatal Error] :1:1: Premature end of file.
2026-06-22 15:47:28,683 [ERROR] LogOutputStream:75 - [STDERR_REDIRECT] 
2026-06-22 15:47:29,698 [ERROR] LogOutputStream:75 - [STDERR_REDIRECT] [Fatal Error] :1:1: Premature end of file.
2026-06-22 15:47:29,698 [ERROR] LogOutputStream:75 - [STDERR_REDIRECT] 
2026-06-22 15:47:30,689 [ERROR] LogOutputStream:75 - [STDERR_REDIRECT] [Fatal Error] :1:1: Premature end of file.
2026-06-22 15:47:30,689 [ERROR] LogOutputStream:75 - [STDERR_REDIRECT] 
2026-06-22 15:47:31,686 [ERROR] LogOutputStream:75 - [STDERR_REDIRECT] [Fatal Error] :1:1: Premature end of file.
2026-06-22 15:47:31,686 [ERROR] LogOutputStream:75 - [STDERR_REDIRECT] 
2026-06-22 15:47:32,688 [ERROR] LogOutputStream:75 - [STDERR_REDIRECT] [Fatal Error] :1:1: Premature end of file.
2026-06-22 15:47:32,688 [ERROR] LogOutputStream:75 - [STDERR_REDIRECT] 
2026-06-22 15:47:33,684 [ERROR] LogOutputStream:75 - [STDERR_REDIRECT] [Fatal Error] :1:1: Premature end of file.
2026-06-22 15:47:33,684 [ERROR] LogOutputStream:75 - [STDERR_REDIRECT] 
2026-06-22 15:47:34,690 [ERROR] LogOutputStream:75 - [STDERR_REDIRECT] [Fatal Error] :1:1: Premature end of file.
2026-06-22 15:47:34,690 [ERROR] LogOutputStream:75 - [STDERR_REDIRECT] 
2026-06-22 15:47:35,685 [ERROR] LogOutputStream:75 - [STDERR_REDIRECT] [Fatal Error] :1:1: Premature end of file.
2026-06-22 15:47:35,685 [ERROR] LogOutputStream:75 - [STDERR_REDIRECT] 
2026-06-22 15:47:36,690 [ERROR] LogOutputStream:75 - [STDERR_REDIRECT] [Fatal Error] :1:1: Premature end of file.
2026-06-22 15:47:36,691 [ERROR] LogOutputStream:75 - [STDERR_REDIRECT] 
2026-06-22 15:47:37,687 [ERROR] LogOutputStream:75 - [STDERR_REDIRECT] [Fatal Error] :1:1: Premature end of file.
2026-06-22 15:47:37,688 [ERROR] LogOutputStream:75 - [STDERR_REDIRECT] 
2026-06-22 15:47:38,684 [ERROR] LogOutputStream:75 - [STDERR_REDIRECT] [Fatal Error] :1:1: Premature end of file.
2026-06-22 15:47:38,684 [ERROR] LogOutputStream:75 - [STDERR_REDIRECT] 
2026-06-22 15:47:39,684 [ERROR] LogOutputStream:75 - [STDERR_REDIRECT] [Fatal Error] :1:1: Premature end of file.
2026-06-22 15:47:39,685 [ERROR] LogOutputStream:75 - [STDERR_REDIRECT] 
2026-06-22 15:47:40,685 [ERROR] LogOutputStream:75 - [STDERR_REDIRECT] [Fatal Error] :1:1: Premature end of file.
2026-06-22 15:47:40,685 [ERROR] LogOutputStream:75 - [STDERR_REDIRECT] 
2026-06-22 15:47:41,685 [ERROR] LogOutputStream:75 - [STDERR_REDIRECT] [Fatal Error] :1:1: Premature end of file.
2026-06-22 15:47:41,685 [ERROR] LogOutputStream:75 - [STDERR_REDIRECT] 
2026-06-22 15:47:42,687 [ERROR] LogOutputStream:75 - [STDERR_REDIRECT] [Fatal Error] :1:1: Premature end of file.
2026-06-22 15:47:42,687 [ERROR] LogOutputStream:75 - [STDERR_REDIRECT] 
2026-06-22 15:47:43,689 [ERROR] LogOutputStream:75 - [STDERR_REDIRECT] [Fatal Error] :1:1: Premature end of file.
2026-06-22 15:47:43,689 [ERROR] LogOutputStream:75 - [STDERR_REDIRECT] 
2026-06-22 15:47:44,682 [ERROR] LogOutputStream:75 - [STDERR_REDIRECT] [Fatal Error] :1:1: Premature end of file.
2026-06-22 15:47:44,682 [ERROR] LogOutputStream:75 - [STDERR_REDIRECT] 
2026-06-22 15:47:45,684 [ERROR] LogOutputStream:75 - [STDERR_REDIRECT] [Fatal Error] :1:1: Premature end of file.
2026-06-22 15:47:45,684 [ERROR] LogOutputStream:75 - [STDERR_REDIRECT] 
2026-06-22 15:47:46,683 [ERROR] LogOutputStream:75 - [STDERR_REDIRECT] [Fatal Error] :1:1: Premature end of file.
2026-06-22 15:47:46,683 [ERROR] LogOutputStream:75 - [STDERR_REDIRECT] 
2026-06-22 15:47:47,684 [ERROR] LogOutputStream:75 - [STDERR_REDIRECT] [Fatal Error] :1:1: Premature end of file.
2026-06-22 15:47:47,685 [ERROR] LogOutputStream:75 - [STDERR_REDIRECT] 
2026-06-22 15:47:48,684 [ERROR] LogOutputStream:75 - [STDERR_REDIRECT] [Fatal Error] :1:1: Premature end of file.
2026-06-22 15:47:48,684 [ERROR] LogOutputStream:75 - [STDERR_REDIRECT] 
2026-06-22 15:47:49,688 [ERROR] LogOutputStream:75 - [STDERR_REDIRECT] [Fatal Error] :1:1: Premature end of file.
2026-06-22 15:47:49,689 [ERROR] LogOutputStream:75 - [STDERR_REDIRECT] 
2026-06-22 15:47:50,687 [ERROR] LogOutputStream:75 - [STDERR_REDIRECT] [Fatal Error] :1:1: Premature end of file.
2026-06-22 15:47:50,687 [ERROR] LogOutputStream:75 - [STDERR_REDIRECT] 
2026-06-22 15:47:51,689 [ERROR] LogOutputStream:75 - [STDERR_REDIRECT] [Fatal Error] :1:1: Premature end of file.
2026-06-22 15:47:51,689 [ERROR] LogOutputStream:75 - [STDERR_REDIRECT] 
2026-06-22 15:47:52,692 [ERROR] LogOutputStream:75 - [STDERR_REDIRECT] [Fatal Error] :1:1: Premature end of file.
2026-06-22 15:47:52,692 [ERROR] LogOutputStream:75 - [STDERR_REDIRECT] 
2026-06-22 15:47:53,690 [ERROR] LogOutputStream:75 - [STDERR_REDIRECT] [Fatal Error] :1:1: Premature end of file.
2026-06-22 15:47:53,691 [ERROR] LogOutputStream:75 - [STDERR_REDIRECT] 
2026-06-22 15:47:54,694 [ERROR] LogOutputStream:75 - [STDERR_REDIRECT] [Fatal Error] :1:1: Premature end of file.
2026-06-22 15:47:54,694 [ERROR] LogOutputStream:75 - [STDERR_REDIRECT] 
2026-06-22 15:47:55,684 [ERROR] LogOutputStream:75 - [STDERR_REDIRECT] [Fatal Error] :1:1: Premature end of file.
2026-06-22 15:47:55,684 [ERROR] LogOutputStream:75 - [STDERR_REDIRECT] 
2026-06-22 15:47:56,689 [ERROR] LogOutputStream:75 - [STDERR_REDIRECT] [Fatal Error] :1:1: Premature end of file.
2026-06-22 15:47:56,689 [ERROR] LogOutputStream:75 - [STDERR_REDIRECT] 
2026-06-22 15:47:57,689 [ERROR] LogOutputStream:75 - [STDERR_REDIRECT] [Fatal Error] :1:1: Premature end of file.
2026-06-22 15:47:57,690 [ERROR] LogOutputStream:75 - [STDERR_REDIRECT] 
2026-06-22 15:47:58,688 [ERROR] LogOutputStream:75 - [STDERR_REDIRECT] [Fatal Error] :1:1: Premature end of file.
2026-06-22 15:47:58,688 [ERROR] LogOutputStream:75 - [STDERR_REDIRECT] 
2026-06-22 15:47:59,687 [ERROR] LogOutputStream:75 - [STDERR_REDIRECT] [Fatal Error] :1:1: Premature end of file.
2026-06-22 15:47:59,687 [ERROR] LogOutputStream:75 - [STDERR_REDIRECT] 
2026-06-22 15:48:00,685 [ERROR] LogOutputStream:75 - [STDERR_REDIRECT] [Fatal Error] :1:1: Premature end of file.
2026-06-22 15:48:00,686 [ERROR] LogOutputStream:75 - [STDERR_REDIRECT] 
2026-06-22 15:48:01,688 [ERROR] LogOutputStream:75 - [STDERR_REDIRECT] [Fatal Error] :1:1: Premature end of file.
2026-06-22 15:48:01,688 [ERROR] LogOutputStream:75 - [STDERR_REDIRECT] 
2026-06-22 15:48:02,688 [ERROR] LogOutputStream:75 - [STDERR_REDIRECT] [Fatal Error] :1:1: Premature end of file.
2026-06-22 15:48:02,688 [ERROR] LogOutputStream:75 - [STDERR_REDIRECT] 
2026-06-22 15:48:03,691 [ERROR] LogOutputStream:75 - [STDERR_REDIRECT] [Fatal Error] :1:1: Premature end of file.
2026-06-22 15:48:03,692 [ERROR] LogOutputStream:75 - [STDERR_REDIRECT] 
2026-06-22 15:48:04,698 [ERROR] LogOutputStream:75 - [STDERR_REDIRECT] [Fatal Error] :1:1: Premature end of file.
2026-06-22 15:48:04,698 [ERROR] LogOutputStream:75 - [STDERR_REDIRECT] 
2026-06-22 15:48:05,691 [ERROR] LogOutputStream:75 - [STDERR_REDIRECT] [Fatal Error] :1:1: Premature end of file.
2026-06-22 15:48:05,691 [ERROR] LogOutputStream:75 - [STDERR_REDIRECT] 
2026-06-22 15:48:06,687 [ERROR] LogOutputStream:75 - [STDERR_REDIRECT] [Fatal Error] :1:1: Premature end of file.
2026-06-22 15:48:06,687 [ERROR] LogOutputStream:75 - [STDERR_REDIRECT] 
2026-06-22 15:48:07,693 [ERROR] LogOutputStream:75 - [STDERR_REDIRECT] [Fatal Error] :1:1: Premature end of file.
2026-06-22 15:48:07,694 [ERROR] LogOutputStream:75 - [STDERR_REDIRECT] 
2026-06-22 15:48:08,688 [ERROR] LogOutputStream:75 - [STDERR_REDIRECT] [Fatal Error] :1:1: Premature end of file.
2026-06-22 15:48:08,688 [ERROR] LogOutputStream:75 - [STDERR_REDIRECT] 
2026-06-22 15:48:09,690 [ERROR] LogOutputStream:75 - [STDERR_REDIRECT] [Fatal Error] :1:1: Premature end of file.
2026-06-22 15:48:09,690 [ERROR] LogOutputStream:75 - [STDERR_REDIRECT] 
2026-06-22 15:48:10,688 [ERROR] LogOutputStream:75 - [STDERR_REDIRECT] [Fatal Error] :1:1: Premature end of file.
2026-06-22 15:48:10,688 [ERROR] LogOutputStream:75 - [STDERR_REDIRECT] 
2026-06-22 15:48:11,690 [ERROR] LogOutputStream:75 - [STDERR_REDIRECT] [Fatal Error] :1:1: Premature end of file.
2026-06-22 15:48:11,690 [ERROR] LogOutputStream:75 - [STDERR_REDIRECT] 
2026-06-22 15:48:12,699 [ERROR] LogOutputStream:75 - [STDERR_REDIRECT] [Fatal Error] :1:1: Premature end of file.
2026-06-22 15:48:12,699 [ERROR] LogOutputStream:75 - [STDERR_REDIRECT] 
2026-06-22 15:48:13,702 [ERROR] LogOutputStream:75 - [STDERR_REDIRECT] [Fatal Error] :1:1: Premature end of file.
2026-06-22 15:48:13,702 [ERROR] LogOutputStream:75 - [STDERR_REDIRECT] 
2026-06-22 15:48:14,684 [ERROR] LogOutputStream:75 - [STDERR_REDIRECT] [Fatal Error] :1:1: Premature end of file.
2026-06-22 15:48:14,684 [ERROR] LogOutputStream:75 - [STDERR_REDIRECT] 
2026-06-22 15:48:15,686 [ERROR] LogOutputStream:75 - [STDERR_REDIRECT] [Fatal Error] :1:1: Premature end of file.
2026-06-22 15:48:15,686 [ERROR] LogOutputStream:75 - [STDERR_REDIRECT] 
2026-06-22 15:48:16,692 [ERROR] LogOutputStream:75 - [STDERR_REDIRECT] [Fatal Error] :1:1: Premature end of file.
2026-06-22 15:48:16,692 [ERROR] LogOutputStream:75 - [STDERR_REDIRECT] 
2026-06-22 15:48:17,690 [ERROR] LogOutputStream:75 - [STDERR_REDIRECT] [Fatal Error] :1:1: Premature end of file.
2026-06-22 15:48:17,690 [ERROR] LogOutputStream:75 - [STDERR_REDIRECT] 
2026-06-22 15:48:18,680 [ERROR] LogOutputStream:75 - [STDERR_REDIRECT] [Fatal Error] :1:1: Premature end of file.
2026-06-22 15:48:18,680 [ERROR] LogOutputStream:75 - [STDERR_REDIRECT] 
2026-06-22 15:48:19,690 [ERROR] LogOutputStream:75 - [STDERR_REDIRECT] [Fatal Error] :1:1: Premature end of file.
2026-06-22 15:48:19,690 [ERROR] LogOutputStream:75 - [STDERR_REDIRECT] 
2026-06-22 15:48:20,694 [ERROR] LogOutputStream:75 - [STDERR_REDIRECT] [Fatal Error] :1:1: Premature end of file.
2026-06-22 15:48:20,694 [ERROR] LogOutputStream:75 - [STDERR_REDIRECT] 
2026-06-22 15:48:21,678 [ERROR] LogOutputStream:75 - [STDERR_REDIRECT] [Fatal Error] :1:1: Premature end of file.
2026-06-22 15:48:21,679 [ERROR] LogOutputStream:75 - [STDERR_REDIRECT] 
2026-06-22 15:48:22,683 [ERROR] LogOutputStream:75 - [STDERR_REDIRECT] [Fatal Error] :1:1: Premature end of file.
2026-06-22 15:48:22,684 [ERROR] LogOutputStream:75 - [STDERR_REDIRECT] 
2026-06-22 15:48:23,691 [ERROR] LogOutputStream:75 - [STDERR_REDIRECT] [Fatal Error] :1:1: Premature end of file.
2026-06-22 15:48:23,691 [ERROR] LogOutputStream:75 - [STDERR_REDIRECT] 
2026-06-22 15:48:24,687 [ERROR] LogOutputStream:75 - [STDERR_REDIRECT] [Fatal Error] :1:1: Premature end of file.
2026-06-22 15:48:24,687 [ERROR] LogOutputStream:75 - [STDERR_REDIRECT] 
2026-06-22 15:48:25,688 [ERROR] LogOutputStream:75 - [STDERR_REDIRECT] [Fatal Error] :1:1: Premature end of file.
2026-06-22 15:48:25,688 [ERROR] LogOutputStream:75 - [STDERR_REDIRECT] 
2026-06-22 15:48:26,684 [ERROR] LogOutputStream:75 - [STDERR_REDIRECT] [Fatal Error] :1:1: Premature end of file.
2026-06-22 15:48:26,684 [ERROR] LogOutputStream:75 - [STDERR_REDIRECT] 
2026-06-22 15:48:27,684 [ERROR] LogOutputStream:75 - [STDERR_REDIRECT] [Fatal Error] :1:1: Premature end of file.
2026-06-22 15:48:27,684 [ERROR] LogOutputStream:75 - [STDERR_REDIRECT] 
2026-06-22 15:48:28,686 [ERROR] LogOutputStream:75 - [STDERR_REDIRECT] [Fatal Error] :1:1: Premature end of file.
2026-06-22 15:48:28,686 [ERROR] LogOutputStream:75 - [STDERR_REDIRECT] 
2026-06-22 15:48:29,684 [ERROR] LogOutputStream:75 - [STDERR_REDIRECT] [Fatal Error] :1:1: Premature end of file.
2026-06-22 15:48:29,685 [ERROR] LogOutputStream:75 - [STDERR_REDIRECT] 
2026-06-22 15:48:30,684 [ERROR] LogOutputStream:75 - [STDERR_REDIRECT] [Fatal Error] :1:1: Premature end of file.
2026-06-22 15:48:30,684 [ERROR] LogOutputStream:75 - [STDERR_REDIRECT] 
2026-06-22 15:48:31,683 [ERROR] LogOutputStream:75 - [STDERR_REDIRECT] [Fatal Error] :1:1: Premature end of file.
2026-06-22 15:48:31,683 [ERROR] LogOutputStream:75 - [STDERR_REDIRECT] 
2026-06-22 15:48:32,687 [ERROR] LogOutputStream:75 - [STDERR_REDIRECT] [Fatal Error] :1:1: Premature end of file.
2026-06-22 15:48:32,688 [ERROR] LogOutputStream:75 - [STDERR_REDIRECT] 
2026-06-22 15:48:33,685 [ERROR] LogOutputStream:75 - [STDERR_REDIRECT] [Fatal Error] :1:1: Premature end of file.
2026-06-22 15:48:33,685 [ERROR] LogOutputStream:75 - [STDERR_REDIRECT] 
2026-06-22 15:48:34,683 [ERROR] LogOutputStream:75 - [STDERR_REDIRECT] [Fatal Error] :1:1: Premature end of file.
2026-06-22 15:48:34,684 [ERROR] LogOutputStream:75 - [STDERR_REDIRECT] 
2026-06-22 15:48:35,689 [ERROR] LogOutputStream:75 - [STDERR_REDIRECT] [Fatal Error] :1:1: Premature end of file.
2026-06-22 15:48:35,689 [ERROR] LogOutputStream:75 - [STDERR_REDIRECT] 
2026-06-22 15:48:36,686 [ERROR] LogOutputStream:75 - [STDERR_REDIRECT] [Fatal Error] :1:1: Premature end of file.
2026-06-22 15:48:36,686 [ERROR] LogOutputStream:75 - [STDERR_REDIRECT] 
2026-06-22 15:48:37,686 [ERROR] LogOutputStream:75 - [STDERR_REDIRECT] [Fatal Error] :1:1: Premature end of file.
2026-06-22 15:48:37,686 [ERROR] LogOutputStream:75 - [STDERR_REDIRECT] 
2026-06-22 15:48:38,687 [ERROR] LogOutputStream:75 - [STDERR_REDIRECT] [Fatal Error] :1:1: Premature end of file.
2026-06-22 15:48:38,687 [ERROR] LogOutputStream:75 - [STDERR_REDIRECT] 
2026-06-22 15:48:39,691 [ERROR] LogOutputStream:75 - [STDERR_REDIRECT] [Fatal Error] :1:1: Premature end of file.
2026-06-22 15:48:39,691 [ERROR] LogOutputStream:75 - [STDERR_REDIRECT] 
2026-06-22 15:48:40,685 [ERROR] LogOutputStream:75 - [STDERR_REDIRECT] [Fatal Error] :1:1: Premature end of file.
2026-06-22 15:48:40,685 [ERROR] LogOutputStream:75 - [STDERR_REDIRECT] 
2026-06-22 15:48:41,685 [ERROR] LogOutputStream:75 - [STDERR_REDIRECT] [Fatal Error] :1:1: Premature end of file.
2026-06-22 15:48:41,685 [ERROR] LogOutputStream:75 - [STDERR_REDIRECT] 
2026-06-22 15:48:42,685 [ERROR] LogOutputStream:75 - [STDERR_REDIRECT] [Fatal Error] :1:1: Premature end of file.
2026-06-22 15:48:42,685 [ERROR] LogOutputStream:75 - [STDERR_REDIRECT] 
2026-06-22 15:48:43,689 [ERROR] LogOutputStream:75 - [STDERR_REDIRECT] [Fatal Error] :1:1: Premature end of file.
2026-06-22 15:48:43,690 [ERROR] LogOutputStream:75 - [STDERR_REDIRECT] 
2026-06-22 15:48:44,682 [ERROR] LogOutputStream:75 - [STDERR_REDIRECT] [Fatal Error] :1:1: Premature end of file.
2026-06-22 15:48:44,682 [ERROR] LogOutputStream:75 - [STDERR_REDIRECT] 
2026-06-22 15:48:45,685 [ERROR] LogOutputStream:75 - [STDERR_REDIRECT] [Fatal Error] :1:1: Premature end of file.
2026-06-22 15:48:45,686 [ERROR] LogOutputStream:75 - [STDERR_REDIRECT] 
2026-06-22 15:48:46,687 [ERROR] LogOutputStream:75 - [STDERR_REDIRECT] [Fatal Error] :1:1: Premature end of file.
2026-06-22 15:48:46,687 [ERROR] LogOutputStream:75 - [STDERR_REDIRECT] 
2026-06-22 15:48:47,684 [ERROR] LogOutputStream:75 - [STDERR_REDIRECT] [Fatal Error] :1:1: Premature end of file.
2026-06-22 15:48:47,684 [ERROR] LogOutputStream:75 - [STDERR_REDIRECT] 
2026-06-22 15:48:48,686 [ERROR] LogOutputStream:75 - [STDERR_REDIRECT] [Fatal Error] :1:1: Premature end of file.
2026-06-22 15:48:48,686 [ERROR] LogOutputStream:75 - [STDERR_REDIRECT] 
2026-06-22 15:48:49,684 [ERROR] LogOutputStream:75 - [STDERR_REDIRECT] [Fatal Error] :1:1: Premature end of file.
2026-06-22 15:48:49,684 [ERROR] LogOutputStream:75 - [STDERR_REDIRECT] 
2026-06-22 15:48:50,690 [ERROR] LogOutputStream:75 - [STDERR_REDIRECT] [Fatal Error] :1:1: Premature end of file.
2026-06-22 15:48:50,690 [ERROR] LogOutputStream:75 - [STDERR_REDIRECT] 
2026-06-22 15:48:51,693 [ERROR] LogOutputStream:75 - [STDERR_REDIRECT] [Fatal Error] :1:1: Premature end of file.
2026-06-22 15:48:51,693 [ERROR] LogOutputStream:75 - [STDERR_REDIRECT] 
2026-06-22 15:48:52,693 [ERROR] LogOutputStream:75 - [STDERR_REDIRECT] [Fatal Error] :1:1: Premature end of file.
2026-06-22 15:48:52,693 [ERROR] LogOutputStream:75 - [STDERR_REDIRECT] 
2026-06-22 15:48:53,686 [ERROR] LogOutputStream:75 - [STDERR_REDIRECT] [Fatal Error] :1:1: Premature end of file.
2026-06-22 15:48:53,686 [ERROR] LogOutputStream:75 - [STDERR_REDIRECT] 
2026-06-22 15:48:54,685 [ERROR] LogOutputStream:75 - [STDERR_REDIRECT] [Fatal Error] :1:1: Premature end of file.
2026-06-22 15:48:54,685 [ERROR] LogOutputStream:75 - [STDERR_REDIRECT] 
2026-06-22 15:48:55,687 [ERROR] LogOutputStream:75 - [STDERR_REDIRECT] [Fatal Error] :1:1: Premature end of file.
2026-06-22 15:48:55,688 [ERROR] LogOutputStream:75 - [STDERR_REDIRECT] 
2026-06-22 15:48:56,684 [ERROR] LogOutputStream:75 - [STDERR_REDIRECT] [Fatal Error] :1:1: Premature end of file.
2026-06-22 15:48:56,685 [ERROR] LogOutputStream:75 - [STDERR_REDIRECT] 
2026-06-22 15:48:57,685 [ERROR] LogOutputStream:75 - [STDERR_REDIRECT] [Fatal Error] :1:1: Premature end of file.
2026-06-22 15:48:57,685 [ERROR] LogOutputStream:75 - [STDERR_REDIRECT] 
2026-06-22 15:48:58,687 [ERROR] LogOutputStream:75 - [STDERR_REDIRECT] [Fatal Error] :1:1: Premature end of file.
2026-06-22 15:48:58,687 [ERROR] LogOutputStream:75 - [STDERR_REDIRECT] 
2026-06-22 15:48:59,685 [ERROR] LogOutputStream:75 - [STDERR_REDIRECT] [Fatal Error] :1:1: Premature end of file.
2026-06-22 15:48:59,685 [ERROR] LogOutputStream:75 - [STDERR_REDIRECT] 
2026-06-22 15:49:00,686 [ERROR] LogOutputStream:75 - [STDERR_REDIRECT] [Fatal Error] :1:1: Premature end of file.
2026-06-22 15:49:00,686 [ERROR] LogOutputStream:75 - [STDERR_REDIRECT] 
2026-06-22 15:49:01,687 [ERROR] LogOutputStream:75 - [STDERR_REDIRECT] [Fatal Error] :1:1: Premature end of file.
2026-06-22 15:49:01,687 [ERROR] LogOutputStream:75 - [STDERR_REDIRECT] 
2026-06-22 15:49:02,687 [ERROR] LogOutputStream:75 - [STDERR_REDIRECT] [Fatal Error] :1:1: Premature end of file.
2026-06-22 15:49:02,687 [ERROR] LogOutputStream:75 - [STDERR_REDIRECT] 
2026-06-22 15:49:03,685 [ERROR] LogOutputStream:75 - [STDERR_REDIRECT] [Fatal Error] :1:1: Premature end of file.
2026-06-22 15:49:03,685 [ERROR] LogOutputStream:75 - [STDERR_REDIRECT] 
2026-06-22 15:49:04,685 [ERROR] LogOutputStream:75 - [STDERR_REDIRECT] [Fatal Error] :1:1: Premature end of file.
2026-06-22 15:49:04,685 [ERROR] LogOutputStream:75 - [STDERR_REDIRECT] 
2026-06-22 15:49:05,684 [ERROR] LogOutputStream:75 - [STDERR_REDIRECT] [Fatal Error] :1:1: Premature end of file.
2026-06-22 15:49:05,684 [ERROR] LogOutputStream:75 - [STDERR_REDIRECT] 
2026-06-22 15:49:06,686 [ERROR] LogOutputStream:75 - [STDERR_REDIRECT] [Fatal Error] :1:1: Premature end of file.
2026-06-22 15:49:06,686 [ERROR] LogOutputStream:75 - [STDERR_REDIRECT] 
2026-06-22 15:49:07,684 [ERROR] LogOutputStream:75 - [STDERR_REDIRECT] [Fatal Error] :1:1: Premature end of file.
2026-06-22 15:49:07,684 [ERROR] LogOutputStream:75 - [STDERR_REDIRECT] 
2026-06-22 15:49:08,684 [ERROR] LogOutputStream:75 - [STDERR_REDIRECT] [Fatal Error] :1:1: Premature end of file.
2026-06-22 15:49:08,684 [ERROR] LogOutputStream:75 - [STDERR_REDIRECT] 
2026-06-22 15:49:09,683 [ERROR] LogOutputStream:75 - [STDERR_REDIRECT] [Fatal Error] :1:1: Premature end of file.
2026-06-22 15:49:09,683 [ERROR] LogOutputStream:75 - [STDERR_REDIRECT] 
2026-06-22 15:49:10,685 [ERROR] LogOutputStream:75 - [STDERR_REDIRECT] [Fatal Error] :1:1: Premature end of file.
2026-06-22 15:49:10,685 [ERROR] LogOutputStream:75 - [STDERR_REDIRECT] 
2026-06-22 15:49:11,682 [ERROR] LogOutputStream:75 - [STDERR_REDIRECT] [Fatal Error] :1:1: Premature end of file.
2026-06-22 15:49:11,683 [ERROR] LogOutputStream:75 - [STDERR_REDIRECT] 
2026-06-22 15:49:12,683 [ERROR] LogOutputStream:75 - [STDERR_REDIRECT] [Fatal Error] :1:1: Premature end of file.
2026-06-22 15:49:12,684 [ERROR] LogOutputStream:75 - [STDERR_REDIRECT] 
2026-06-22 15:49:13,686 [ERROR] LogOutputStream:75 - [STDERR_REDIRECT] [Fatal Error] :1:1: Premature end of file.
2026-06-22 15:49:13,686 [ERROR] LogOutputStream:75 - [STDERR_REDIRECT] 
2026-06-22 15:49:14,686 [ERROR] LogOutputStream:75 - [STDERR_REDIRECT] [Fatal Error] :1:1: Premature end of file.
2026-06-22 15:49:14,686 [ERROR] LogOutputStream:75 - [STDERR_REDIRECT] 
2026-06-22 15:49:15,685 [ERROR] LogOutputStream:75 - [STDERR_REDIRECT] [Fatal Error] :1:1: Premature end of file.
2026-06-22 15:49:15,685 [ERROR] LogOutputStream:75 - [STDERR_REDIRECT] 
2026-06-22 15:49:16,684 [ERROR] LogOutputStream:75 - [STDERR_REDIRECT] [Fatal Error] :1:1: Premature end of file.
2026-06-22 15:49:16,684 [ERROR] LogOutputStream:75 - [STDERR_REDIRECT] 
2026-06-22 15:49:17,685 [ERROR] LogOutputStream:75 - [STDERR_REDIRECT] [Fatal Error] :1:1: Premature end of file.
2026-06-22 15:49:17,685 [ERROR] LogOutputStream:75 - [STDERR_REDIRECT] 
2026-06-22 15:49:18,685 [ERROR] LogOutputStream:75 - [STDERR_REDIRECT] [Fatal Error] :1:1: Premature end of file.
2026-06-22 15:49:18,685 [ERROR] LogOutputStream:75 - [STDERR_REDIRECT] 
2026-06-22 15:49:19,684 [ERROR] LogOutputStream:75 - [STDERR_REDIRECT] [Fatal Error] :1:1: Premature end of file.
2026-06-22 15:49:19,684 [ERROR] LogOutputStream:75 - [STDERR_REDIRECT] 
2026-06-22 15:49:20,687 [ERROR] LogOutputStream:75 - [STDERR_REDIRECT] [Fatal Error] :1:1: Premature end of file.
2026-06-22 15:49:20,687 [ERROR] LogOutputStream:75 - [STDERR_REDIRECT] 
2026-06-22 15:49:21,684 [ERROR] LogOutputStream:75 - [STDERR_REDIRECT] [Fatal Error] :1:1: Premature end of file.
2026-06-22 15:49:21,684 [ERROR] LogOutputStream:75 - [STDERR_REDIRECT] 
2026-06-22 15:49:22,685 [ERROR] LogOutputStream:75 - [STDERR_REDIRECT] [Fatal Error] :1:1: Premature end of file.
2026-06-22 15:49:22,686 [ERROR] LogOutputStream:75 - [STDERR_REDIRECT] 
2026-06-22 15:49:23,687 [ERROR] LogOutputStream:75 - [STDERR_REDIRECT] [Fatal Error] :1:1: Premature end of file.
2026-06-22 15:49:23,687 [ERROR] LogOutputStream:75 - [STDERR_REDIRECT] 
2026-06-22 15:49:24,684 [ERROR] LogOutputStream:75 - [STDERR_REDIRECT] [Fatal Error] :1:1: Premature end of file.
2026-06-22 15:49:24,684 [ERROR] LogOutputStream:75 - [STDERR_REDIRECT] 
2026-06-22 15:49:25,685 [ERROR] LogOutputStream:75 - [STDERR_REDIRECT] [Fatal Error] :1:1: Premature end of file.
2026-06-22 15:49:25,685 [ERROR] LogOutputStream:75 - [STDERR_REDIRECT] 
2026-06-22 15:49:26,682 [ERROR] LogOutputStream:75 - [STDERR_REDIRECT] [Fatal Error] :1:1: Premature end of file.
2026-06-22 15:49:26,682 [ERROR] LogOutputStream:75 - [STDERR_REDIRECT] 
2026-06-22 15:49:27,685 [ERROR] LogOutputStream:75 - [STDERR_REDIRECT] [Fatal Error] :1:1: Premature end of file.
2026-06-22 15:49:27,686 [ERROR] LogOutputStream:75 - [STDERR_REDIRECT] 
2026-06-22 15:49:28,684 [ERROR] LogOutputStream:75 - [STDERR_REDIRECT] [Fatal Error] :1:1: Premature end of file.
2026-06-22 15:49:28,684 [ERROR] LogOutputStream:75 - [STDERR_REDIRECT] 
2026-06-22 15:49:29,685 [ERROR] LogOutputStream:75 - [STDERR_REDIRECT] [Fatal Error] :1:1: Premature end of file.
2026-06-22 15:49:29,685 [ERROR] LogOutputStream:75 - [STDERR_REDIRECT] 
2026-06-22 15:49:30,683 [ERROR] LogOutputStream:75 - [STDERR_REDIRECT] [Fatal Error] :1:1: Premature end of file.
2026-06-22 15:49:30,683 [ERROR] LogOutputStream:75 - [STDERR_REDIRECT] 
2026-06-22 15:49:31,683 [ERROR] LogOutputStream:75 - [STDERR_REDIRECT] [Fatal Error] :1:1: Premature end of file.
2026-06-22 15:49:31,683 [ERROR] LogOutputStream:75 - [STDERR_REDIRECT] 
2026-06-22 15:49:32,685 [ERROR] LogOutputStream:75 - [STDERR_REDIRECT] [Fatal Error] :1:1: Premature end of file.
2026-06-22 15:49:32,685 [ERROR] LogOutputStream:75 - [STDERR_REDIRECT] 
2026-06-22 15:49:33,684 [ERROR] LogOutputStream:75 - [STDERR_REDIRECT] [Fatal Error] :1:1: Premature end of file.
2026-06-22 15:49:33,684 [ERROR] LogOutputStream:75 - [STDERR_REDIRECT] 
2026-06-22 15:49:34,685 [ERROR] LogOutputStream:75 - [STDERR_REDIRECT] [Fatal Error] :1:1: Premature end of file.
2026-06-22 15:49:34,685 [ERROR] LogOutputStream:75 - [STDERR_REDIRECT] 
2026-06-22 15:49:35,683 [ERROR] LogOutputStream:75 - [STDERR_REDIRECT] [Fatal Error] :1:1: Premature end of file.
2026-06-22 15:49:35,683 [ERROR] LogOutputStream:75 - [STDERR_REDIRECT] 
2026-06-22 15:49:36,685 [ERROR] LogOutputStream:75 - [STDERR_REDIRECT] [Fatal Error] :1:1: Premature end of file.
2026-06-22 15:49:36,686 [ERROR] LogOutputStream:75 - [STDERR_REDIRECT] 
2026-06-22 15:49:37,691 [ERROR] LogOutputStream:75 - [STDERR_REDIRECT] [Fatal Error] :1:1: Premature end of file.
2026-06-22 15:49:37,691 [ERROR] LogOutputStream:75 - [STDERR_REDIRECT] 
2026-06-22 15:49:38,687 [ERROR] LogOutputStream:75 - [STDERR_REDIRECT] [Fatal Error] :1:1: Premature end of file.
2026-06-22 15:49:38,687 [ERROR] LogOutputStream:75 - [STDERR_REDIRECT] 
2026-06-22 15:49:39,694 [ERROR] LogOutputStream:75 - [STDERR_REDIRECT] [Fatal Error] :1:1: Premature end of file.
2026-06-22 15:49:39,694 [ERROR] LogOutputStream:75 - [STDERR_REDIRECT] 
2026-06-22 15:49:40,691 [ERROR] LogOutputStream:75 - [STDERR_REDIRECT] [Fatal Error] :1:1: Premature end of file.
2026-06-22 15:49:40,691 [ERROR] LogOutputStream:75 - [STDERR_REDIRECT] 
2026-06-22 15:49:41,690 [ERROR] LogOutputStream:75 - [STDERR_REDIRECT] [Fatal Error] :1:1: Premature end of file.
2026-06-22 15:49:41,690 [ERROR] LogOutputStream:75 - [STDERR_REDIRECT] 
2026-06-22 15:49:42,689 [ERROR] LogOutputStream:75 - [STDERR_REDIRECT] [Fatal Error] :1:1: Premature end of file.
2026-06-22 15:49:42,690 [ERROR] LogOutputStream:75 - [STDERR_REDIRECT] 
2026-06-22 15:49:43,690 [ERROR] LogOutputStream:75 - [STDERR_REDIRECT] [Fatal Error] :1:1: Premature end of file.
2026-06-22 15:49:43,690 [ERROR] LogOutputStream:75 - [STDERR_REDIRECT] 
2026-06-22 15:49:44,685 [ERROR] LogOutputStream:75 - [STDERR_REDIRECT] [Fatal Error] :1:1: Premature end of file.
2026-06-22 15:49:44,686 [ERROR] LogOutputStream:75 - [STDERR_REDIRECT] 
2026-06-22 15:49:45,754 [ERROR] LogOutputStream:75 - [STDERR_REDIRECT] [Fatal Error] :1:1: Premature end of file.
2026-06-22 15:49:45,755 [ERROR] LogOutputStream:75 - [STDERR_REDIRECT] 
2026-06-22 15:49:46,689 [ERROR] LogOutputStream:75 - [STDERR_REDIRECT] [Fatal Error] :1:1: Premature end of file.
2026-06-22 15:49:46,689 [ERROR] LogOutputStream:75 - [STDERR_REDIRECT] 
2026-06-22 15:49:47,687 [ERROR] LogOutputStream:75 - [STDERR_REDIRECT] [Fatal Error] :1:1: Premature end of file.
2026-06-22 15:49:47,687 [ERROR] LogOutputStream:75 - [STDERR_REDIRECT] 
2026-06-22 15:49:48,694 [ERROR] LogOutputStream:75 - [STDERR_REDIRECT] [Fatal Error] :1:1: Premature end of file.
2026-06-22 15:49:48,694 [ERROR] LogOutputStream:75 - [STDERR_REDIRECT] 
2026-06-22 15:49:49,688 [ERROR] LogOutputStream:75 - [STDERR_REDIRECT] [Fatal Error] :1:1: Premature end of file.
2026-06-22 15:49:49,688 [ERROR] LogOutputStream:75 - [STDERR_REDIRECT] 
2026-06-22 15:49:50,688 [ERROR] LogOutputStream:75 - [STDERR_REDIRECT] [Fatal Error] :1:1: Premature end of file.
2026-06-22 15:49:50,689 [ERROR] LogOutputStream:75 - [STDERR_REDIRECT] 
2026-06-22 15:49:51,687 [ERROR] LogOutputStream:75 - [STDERR_REDIRECT] [Fatal Error] :1:1: Premature end of file.
2026-06-22 15:49:51,687 [ERROR] LogOutputStream:75 - [STDERR_REDIRECT] 
2026-06-22 15:49:52,686 [ERROR] LogOutputStream:75 - [STDERR_REDIRECT] [Fatal Error] :1:1: Premature end of file.
2026-06-22 15:49:52,687 [ERROR] LogOutputStream:75 - [STDERR_REDIRECT] 
2026-06-22 15:49:53,683 [ERROR] LogOutputStream:75 - [STDERR_REDIRECT] [Fatal Error] :1:1: Premature end of file.
2026-06-22 15:49:53,683 [ERROR] LogOutputStream:75 - [STDERR_REDIRECT] 
2026-06-22 15:49:54,684 [ERROR] LogOutputStream:75 - [STDERR_REDIRECT] [Fatal Error] :1:1: Premature end of file.
2026-06-22 15:49:54,684 [ERROR] LogOutputStream:75 - [STDERR_REDIRECT] 
2026-06-22 15:49:55,683 [ERROR] LogOutputStream:75 - [STDERR_REDIRECT] [Fatal Error] :1:1: Premature end of file.
2026-06-22 15:49:55,683 [ERROR] LogOutputStream:75 - [STDERR_REDIRECT] 
2026-06-22 15:49:56,688 [ERROR] LogOutputStream:75 - [STDERR_REDIRECT] [Fatal Error] :1:1: Premature end of file.
2026-06-22 15:49:56,688 [ERROR] LogOutputStream:75 - [STDERR_REDIRECT] 
2026-06-22 15:49:57,689 [ERROR] LogOutputStream:75 - [STDERR_REDIRECT] [Fatal Error] :1:1: Premature end of file.
2026-06-22 15:49:57,689 [ERROR] LogOutputStream:75 - [STDERR_REDIRECT] 
2026-06-22 15:49:58,685 [ERROR] LogOutputStream:75 - [STDERR_REDIRECT] [Fatal Error] :1:1: Premature end of file.
2026-06-22 15:49:58,685 [ERROR] LogOutputStream:75 - [STDERR_REDIRECT] 
2026-06-22 15:49:59,685 [ERROR] LogOutputStream:75 - [STDERR_REDIRECT] [Fatal Error] :1:1: Premature end of file.
2026-06-22 15:49:59,686 [ERROR] LogOutputStream:75 - [STDERR_REDIRECT] 
2026-06-22 15:50:00,685 [ERROR] LogOutputStream:75 - [STDERR_REDIRECT] [Fatal Error] :1:1: Premature end of file.
2026-06-22 15:50:00,686 [ERROR] LogOutputStream:75 - [STDERR_REDIRECT] 
2026-06-22 15:50:01,684 [ERROR] LogOutputStream:75 - [STDERR_REDIRECT] [Fatal Error] :1:1: Premature end of file.
2026-06-22 15:50:01,684 [ERROR] LogOutputStream:75 - [STDERR_REDIRECT] 
2026-06-22 15:50:02,683 [ERROR] LogOutputStream:75 - [STDERR_REDIRECT] [Fatal Error] :1:1: Premature end of file.
2026-06-22 15:50:02,683 [ERROR] LogOutputStream:75 - [STDERR_REDIRECT] 
2026-06-22 15:50:03,685 [ERROR] LogOutputStream:75 - [STDERR_REDIRECT] [Fatal Error] :1:1: Premature end of file.
2026-06-22 15:50:03,685 [ERROR] LogOutputStream:75 - [STDERR_REDIRECT] 
2026-06-22 15:50:04,684 [ERROR] LogOutputStream:75 - [STDERR_REDIRECT] [Fatal Error] :1:1: Premature end of file.
2026-06-22 15:50:04,684 [ERROR] LogOutputStream:75 - [STDERR_REDIRECT] 
2026-06-22 15:50:05,684 [ERROR] LogOutputStream:75 - [STDERR_REDIRECT] [Fatal Error] :1:1: Premature end of file.
2026-06-22 15:50:05,684 [ERROR] LogOutputStream:75 - [STDERR_REDIRECT] 
2026-06-22 15:50:06,685 [ERROR] LogOutputStream:75 - [STDERR_REDIRECT] [Fatal Error] :1:1: Premature end of file.
2026-06-22 15:50:06,685 [ERROR] LogOutputStream:75 - [STDERR_REDIRECT] 
2026-06-22 15:50:07,686 [ERROR] LogOutputStream:75 - [STDERR_REDIRECT] [Fatal Error] :1:1: Premature end of file.
2026-06-22 15:50:07,686 [ERROR] LogOutputStream:75 - [STDERR_REDIRECT] 
2026-06-22 15:50:08,685 [ERROR] LogOutputStream:75 - [STDERR_REDIRECT] [Fatal Error] :1:1: Premature end of file.
2026-06-22 15:50:08,685 [ERROR] LogOutputStream:75 - [STDERR_REDIRECT] 
2026-06-22 15:50:09,684 [ERROR] LogOutputStream:75 - [STDERR_REDIRECT] [Fatal Error] :1:1: Premature end of file.
2026-06-22 15:50:09,685 [ERROR] LogOutputStream:75 - [STDERR_REDIRECT] 
2026-06-22 15:50:10,686 [ERROR] LogOutputStream:75 - [STDERR_REDIRECT] [Fatal Error] :1:1: Premature end of file.
2026-06-22 15:50:10,686 [ERROR] LogOutputStream:75 - [STDERR_REDIRECT] 
2026-06-22 15:50:11,684 [ERROR] LogOutputStream:75 - [STDERR_REDIRECT] [Fatal Error] :1:1: Premature end of file.
2026-06-22 15:50:11,684 [ERROR] LogOutputStream:75 - [STDERR_REDIRECT] 
2026-06-22 15:50:12,684 [ERROR] LogOutputStream:75 - [STDERR_REDIRECT] [Fatal Error] :1:1: Premature end of file.
2026-06-22 15:50:12,684 [ERROR] LogOutputStream:75 - [STDERR_REDIRECT] 
2026-06-22 15:50:13,684 [ERROR] LogOutputStream:75 - [STDERR_REDIRECT] [Fatal Error] :1:1: Premature end of file.
2026-06-22 15:50:13,684 [ERROR] LogOutputStream:75 - [STDERR_REDIRECT] 
2026-06-22 15:50:14,684 [ERROR] LogOutputStream:75 - [STDERR_REDIRECT] [Fatal Error] :1:1: Premature end of file.
2026-06-22 15:50:14,684 [ERROR] LogOutputStream:75 - [STDERR_REDIRECT] 
2026-06-22 15:50:15,684 [ERROR] LogOutputStream:75 - [STDERR_REDIRECT] [Fatal Error] :1:1: Premature end of file.
2026-06-22 15:50:15,684 [ERROR] LogOutputStream:75 - [STDERR_REDIRECT] 
2026-06-22 15:50:16,684 [ERROR] LogOutputStream:75 - [STDERR_REDIRECT] [Fatal Error] :1:1: Premature end of file.
2026-06-22 15:50:16,684 [ERROR] LogOutputStream:75 - [STDERR_REDIRECT] 
2026-06-22 15:50:17,684 [ERROR] LogOutputStream:75 - [STDERR_REDIRECT] [Fatal Error] :1:1: Premature end of file.
2026-06-22 15:50:17,684 [ERROR] LogOutputStream:75 - [STDERR_REDIRECT] 
2026-06-22 15:50:18,687 [ERROR] LogOutputStream:75 - [STDERR_REDIRECT] [Fatal Error] :1:1: Premature end of file.
2026-06-22 15:50:18,687 [ERROR] LogOutputStream:75 - [STDERR_REDIRECT] 
2026-06-22 15:50:19,688 [ERROR] LogOutputStream:75 - [STDERR_REDIRECT] [Fatal Error] :1:1: Premature end of file.
2026-06-22 15:50:19,688 [ERROR] LogOutputStream:75 - [STDERR_REDIRECT] 
2026-06-22 15:50:20,689 [ERROR] LogOutputStream:75 - [STDERR_REDIRECT] [Fatal Error] :1:1: Premature end of file.
2026-06-22 15:50:20,690 [ERROR] LogOutputStream:75 - [STDERR_REDIRECT] 
2026-06-22 15:50:21,685 [ERROR] LogOutputStream:75 - [STDERR_REDIRECT] [Fatal Error] :1:1: Premature end of file.
2026-06-22 15:50:21,685 [ERROR] LogOutputStream:75 - [STDERR_REDIRECT] 
2026-06-22 15:50:22,684 [ERROR] LogOutputStream:75 - [STDERR_REDIRECT] [Fatal Error] :1:1: Premature end of file.
2026-06-22 15:50:22,684 [ERROR] LogOutputStream:75 - [STDERR_REDIRECT] 
2026-06-22 15:50:23,685 [ERROR] LogOutputStream:75 - [STDERR_REDIRECT] [Fatal Error] :1:1: Premature end of file.
2026-06-22 15:50:23,685 [ERROR] LogOutputStream:75 - [STDERR_REDIRECT] 
2026-06-22 15:50:24,688 [ERROR] LogOutputStream:75 - [STDERR_REDIRECT] [Fatal Error] :1:1: Premature end of file.
2026-06-22 15:50:24,688 [ERROR] LogOutputStream:75 - [STDERR_REDIRECT] 
2026-06-22 15:50:25,685 [ERROR] LogOutputStream:75 - [STDERR_REDIRECT] [Fatal Error] :1:1: Premature end of file.
2026-06-22 15:50:25,685 [ERROR] LogOutputStream:75 - [STDERR_REDIRECT] 
2026-06-22 15:50:26,685 [ERROR] LogOutputStream:75 - [STDERR_REDIRECT] [Fatal Error] :1:1: Premature end of file.
2026-06-22 15:50:26,685 [ERROR] LogOutputStream:75 - [STDERR_REDIRECT] 
2026-06-22 15:50:27,685 [ERROR] LogOutputStream:75 - [STDERR_REDIRECT] [Fatal Error] :1:1: Premature end of file.
2026-06-22 15:50:27,685 [ERROR] LogOutputStream:75 - [STDERR_REDIRECT] 
2026-06-22 15:50:28,684 [ERROR] LogOutputStream:75 - [STDERR_REDIRECT] [Fatal Error] :1:1: Premature end of file.
2026-06-22 15:50:28,684 [ERROR] LogOutputStream:75 - [STDERR_REDIRECT] 
2026-06-22 15:50:29,685 [ERROR] LogOutputStream:75 - [STDERR_REDIRECT] [Fatal Error] :1:1: Premature end of file.
2026-06-22 15:50:29,685 [ERROR] LogOutputStream:75 - [STDERR_REDIRECT] 
2026-06-22 15:50:30,683 [ERROR] LogOutputStream:75 - [STDERR_REDIRECT] [Fatal Error] :1:1: Premature end of file.
2026-06-22 15:50:30,683 [ERROR] LogOutputStream:75 - [STDERR_REDIRECT] 
2026-06-22 15:50:31,685 [ERROR] LogOutputStream:75 - [STDERR_REDIRECT] [Fatal Error] :1:1: Premature end of file.
2026-06-22 15:50:31,685 [ERROR] LogOutputStream:75 - [STDERR_REDIRECT] 
2026-06-22 15:50:32,683 [ERROR] LogOutputStream:75 - [STDERR_REDIRECT] [Fatal Error] :1:1: Premature end of file.
2026-06-22 15:50:32,683 [ERROR] LogOutputStream:75 - [STDERR_REDIRECT] 
2026-06-22 15:50:33,684 [ERROR] LogOutputStream:75 - [STDERR_REDIRECT] [Fatal Error] :1:1: Premature end of file.
2026-06-22 15:50:33,684 [ERROR] LogOutputStream:75 - [STDERR_REDIRECT] 
2026-06-22 15:50:34,685 [ERROR] LogOutputStream:75 - [STDERR_REDIRECT] [Fatal Error] :1:1: Premature end of file.
2026-06-22 15:50:34,685 [ERROR] LogOutputStream:75 - [STDERR_REDIRECT] 
2026-06-22 15:50:35,684 [ERROR] LogOutputStream:75 - [STDERR_REDIRECT] [Fatal Error] :1:1: Premature end of file.
2026-06-22 15:50:35,684 [ERROR] LogOutputStream:75 - [STDERR_REDIRECT] 
2026-06-22 15:50:36,683 [ERROR] LogOutputStream:75 - [STDERR_REDIRECT] [Fatal Error] :1:1: Premature end of file.
2026-06-22 15:50:36,683 [ERROR] LogOutputStream:75 - [STDERR_REDIRECT] 
2026-06-22 15:50:37,684 [ERROR] LogOutputStream:75 - [STDERR_REDIRECT] [Fatal Error] :1:1: Premature end of file.
2026-06-22 15:50:37,684 [ERROR] LogOutputStream:75 - [STDERR_REDIRECT] 
2026-06-22 15:50:38,683 [ERROR] LogOutputStream:75 - [STDERR_REDIRECT] [Fatal Error] :1:1: Premature end of file.
2026-06-22 15:50:38,683 [ERROR] LogOutputStream:75 - [STDERR_REDIRECT] 
2026-06-22 15:50:39,684 [ERROR] LogOutputStream:75 - [STDERR_REDIRECT] [Fatal Error] :1:1: Premature end of file.
2026-06-22 15:50:39,685 [ERROR] LogOutputStream:75 - [STDERR_REDIRECT] 
2026-06-22 15:50:40,685 [ERROR] LogOutputStream:75 - [STDERR_REDIRECT] [Fatal Error] :1:1: Premature end of file.
2026-06-22 15:50:40,685 [ERROR] LogOutputStream:75 - [STDERR_REDIRECT] 
2026-06-22 15:50:41,685 [ERROR] LogOutputStream:75 - [STDERR_REDIRECT] [Fatal Error] :1:1: Premature end of file.
2026-06-22 15:50:41,685 [ERROR] LogOutputStream:75 - [STDERR_REDIRECT] 
2026-06-22 15:50:42,684 [ERROR] LogOutputStream:75 - [STDERR_REDIRECT] [Fatal Error] :1:1: Premature end of file.
2026-06-22 15:50:42,685 [ERROR] LogOutputStream:75 - [STDERR_REDIRECT] 
2026-06-22 15:50:43,684 [ERROR] LogOutputStream:75 - [STDERR_REDIRECT] [Fatal Error] :1:1: Premature end of file.
2026-06-22 15:50:43,684 [ERROR] LogOutputStream:75 - [STDERR_REDIRECT] 
2026-06-22 15:50:44,687 [ERROR] LogOutputStream:75 - [STDERR_REDIRECT] [Fatal Error] :1:1: Premature end of file.
2026-06-22 15:50:44,687 [ERROR] LogOutputStream:75 - [STDERR_REDIRECT] 
2026-06-22 15:50:45,688 [ERROR] LogOutputStream:75 - [STDERR_REDIRECT] [Fatal Error] :1:1: Premature end of file.
2026-06-22 15:50:45,688 [ERROR] LogOutputStream:75 - [STDERR_REDIRECT] 
2026-06-22 15:50:46,685 [ERROR] LogOutputStream:75 - [STDERR_REDIRECT] [Fatal Error] :1:1: Premature end of file.
2026-06-22 15:50:46,685 [ERROR] LogOutputStream:75 - [STDERR_REDIRECT] 
2026-06-22 15:50:47,682 [ERROR] LogOutputStream:75 - [STDERR_REDIRECT] [Fatal Error] :1:1: Premature end of file.
2026-06-22 15:50:47,682 [ERROR] LogOutputStream:75 - [STDERR_REDIRECT] 
2026-06-22 15:50:48,684 [ERROR] LogOutputStream:75 - [STDERR_REDIRECT] [Fatal Error] :1:1: Premature end of file.
2026-06-22 15:50:48,684 [ERROR] LogOutputStream:75 - [STDERR_REDIRECT] 
2026-06-22 15:50:49,684 [ERROR] LogOutputStream:75 - [STDERR_REDIRECT] [Fatal Error] :1:1: Premature end of file.
2026-06-22 15:50:49,684 [ERROR] LogOutputStream:75 - [STDERR_REDIRECT] 
2026-06-22 15:50:50,686 [ERROR] LogOutputStream:75 - [STDERR_REDIRECT] [Fatal Error] :1:1: Premature end of file.
2026-06-22 15:50:50,686 [ERROR] LogOutputStream:75 - [STDERR_REDIRECT] 
2026-06-22 15:50:51,688 [ERROR] LogOutputStream:75 - [STDERR_REDIRECT] [Fatal Error] :1:1: Premature end of file.
2026-06-22 15:50:51,688 [ERROR] LogOutputStream:75 - [STDERR_REDIRECT] 
2026-06-22 15:50:52,686 [ERROR] LogOutputStream:75 - [STDERR_REDIRECT] [Fatal Error] :1:1: Premature end of file.
2026-06-22 15:50:52,686 [ERROR] LogOutputStream:75 - [STDERR_REDIRECT] 
2026-06-22 15:50:53,681 [ERROR] LogOutputStream:75 - [STDERR_REDIRECT] [Fatal Error] :1:1: Premature end of file.
2026-06-22 15:50:53,682 [ERROR] LogOutputStream:75 - [STDERR_REDIRECT] 
2026-06-22 15:50:54,682 [ERROR] LogOutputStream:75 - [STDERR_REDIRECT] [Fatal Error] :1:1: Premature end of file.
2026-06-22 15:50:54,682 [ERROR] LogOutputStream:75 - [STDERR_REDIRECT] 
2026-06-22 15:50:55,684 [ERROR] LogOutputStream:75 - [STDERR_REDIRECT] [Fatal Error] :1:1: Premature end of file.
2026-06-22 15:50:55,685 [ERROR] LogOutputStream:75 - [STDERR_REDIRECT] 
2026-06-22 15:50:56,685 [ERROR] LogOutputStream:75 - [STDERR_REDIRECT] [Fatal Error] :1:1: Premature end of file.
2026-06-22 15:50:56,685 [ERROR] LogOutputStream:75 - [STDERR_REDIRECT] 
2026-06-22 15:50:57,684 [ERROR] LogOutputStream:75 - [STDERR_REDIRECT] [Fatal Error] :1:1: Premature end of file.
2026-06-22 15:50:57,684 [ERROR] LogOutputStream:75 - [STDERR_REDIRECT] 
2026-06-22 15:50:58,685 [ERROR] LogOutputStream:75 - [STDERR_REDIRECT] [Fatal Error] :1:1: Premature end of file.
2026-06-22 15:50:58,685 [ERROR] LogOutputStream:75 - [STDERR_REDIRECT] 
2026-06-22 15:50:59,683 [ERROR] LogOutputStream:75 - [STDERR_REDIRECT] [Fatal Error] :1:1: Premature end of file.
2026-06-22 15:50:59,714 [ERROR] LogOutputStream:75 - [STDERR_REDIRECT] 
2026-06-22 15:51:00,684 [ERROR] LogOutputStream:75 - [STDERR_REDIRECT] [Fatal Error] :1:1: Premature end of file.
2026-06-22 15:51:00,685 [ERROR] LogOutputStream:75 - [STDERR_REDIRECT] 
2026-06-22 15:51:01,684 [ERROR] LogOutputStream:75 - [STDERR_REDIRECT] [Fatal Error] :1:1: Premature end of file.
2026-06-22 15:51:01,685 [ERROR] LogOutputStream:75 - [STDERR_REDIRECT] 
2026-06-22 15:51:02,684 [ERROR] LogOutputStream:75 - [STDERR_REDIRECT] [Fatal Error] :1:1: Premature end of file.
2026-06-22 15:51:02,684 [ERROR] LogOutputStream:75 - [STDERR_REDIRECT] 
2026-06-22 15:51:03,684 [ERROR] LogOutputStream:75 - [STDERR_REDIRECT] [Fatal Error] :1:1: Premature end of file.
2026-06-22 15:51:03,685 [ERROR] LogOutputStream:75 - [STDERR_REDIRECT] 
2026-06-22 15:51:04,687 [ERROR] LogOutputStream:75 - [STDERR_REDIRECT] [Fatal Error] :1:1: Premature end of file.
2026-06-22 15:51:04,688 [ERROR] LogOutputStream:75 - [STDERR_REDIRECT] 
2026-06-22 15:51:05,682 [ERROR] LogOutputStream:75 - [STDERR_REDIRECT] [Fatal Error] :1:1: Premature end of file.
2026-06-22 15:51:05,682 [ERROR] LogOutputStream:75 - [STDERR_REDIRECT] 
2026-06-22 15:51:06,689 [ERROR] LogOutputStream:75 - [STDERR_REDIRECT] [Fatal Error] :1:1: Premature end of file.
2026-06-22 15:51:06,689 [ERROR] LogOutputStream:75 - [STDERR_REDIRECT] 
2026-06-22 15:51:07,687 [ERROR] LogOutputStream:75 - [STDERR_REDIRECT] [Fatal Error] :1:1: Premature end of file.
2026-06-22 15:51:07,688 [ERROR] LogOutputStream:75 - [STDERR_REDIRECT] 
2026-06-22 15:51:08,683 [ERROR] LogOutputStream:75 - [STDERR_REDIRECT] [Fatal Error] :1:1: Premature end of file.
2026-06-22 15:51:08,683 [ERROR] LogOutputStream:75 - [STDERR_REDIRECT] 
2026-06-22 15:51:09,687 [ERROR] LogOutputStream:75 - [STDERR_REDIRECT] [Fatal Error] :1:1: Premature end of file.
2026-06-22 15:51:09,687 [ERROR] LogOutputStream:75 - [STDERR_REDIRECT] 
2026-06-22 15:51:10,685 [ERROR] LogOutputStream:75 - [STDERR_REDIRECT] [Fatal Error] :1:1: Premature end of file.
2026-06-22 15:51:10,685 [ERROR] LogOutputStream:75 - [STDERR_REDIRECT] 
2026-06-22 15:51:11,683 [ERROR] LogOutputStream:75 - [STDERR_REDIRECT] [Fatal Error] :1:1: Premature end of file.
2026-06-22 15:51:11,684 [ERROR] LogOutputStream:75 - [STDERR_REDIRECT] 
2026-06-22 15:51:12,688 [ERROR] LogOutputStream:75 - [STDERR_REDIRECT] [Fatal Error] :1:1: Premature end of file.
2026-06-22 15:51:12,688 [ERROR] LogOutputStream:75 - [STDERR_REDIRECT] 
2026-06-22 15:51:13,684 [ERROR] LogOutputStream:75 - [STDERR_REDIRECT] [Fatal Error] :1:1: Premature end of file.
2026-06-22 15:51:13,685 [ERROR] LogOutputStream:75 - [STDERR_REDIRECT] 
2026-06-22 15:51:14,683 [ERROR] LogOutputStream:75 - [STDERR_REDIRECT] [Fatal Error] :1:1: Premature end of file.
2026-06-22 15:51:14,683 [ERROR] LogOutputStream:75 - [STDERR_REDIRECT] 
2026-06-22 15:51:15,685 [ERROR] LogOutputStream:75 - [STDERR_REDIRECT] [Fatal Error] :1:1: Premature end of file.
2026-06-22 15:51:15,685 [ERROR] LogOutputStream:75 - [STDERR_REDIRECT] 
2026-06-22 15:51:16,686 [ERROR] LogOutputStream:75 - [STDERR_REDIRECT] [Fatal Error] :1:1: Premature end of file.
2026-06-22 15:51:16,686 [ERROR] LogOutputStream:75 - [STDERR_REDIRECT] 
2026-06-22 15:51:17,683 [ERROR] LogOutputStream:75 - [STDERR_REDIRECT] [Fatal Error] :1:1: Premature end of file.
2026-06-22 15:51:17,683 [ERROR] LogOutputStream:75 - [STDERR_REDIRECT] 
2026-06-22 15:51:18,689 [ERROR] LogOutputStream:75 - [STDERR_REDIRECT] [Fatal Error] :1:1: Premature end of file.
2026-06-22 15:51:18,689 [ERROR] LogOutputStream:75 - [STDERR_REDIRECT] 
2026-06-22 15:51:19,684 [ERROR] LogOutputStream:75 - [STDERR_REDIRECT] [Fatal Error] :1:1: Premature end of file.
2026-06-22 15:51:19,684 [ERROR] LogOutputStream:75 - [STDERR_REDIRECT] 
2026-06-22 15:51:20,684 [ERROR] LogOutputStream:75 - [STDERR_REDIRECT] [Fatal Error] :1:1: Premature end of file.
2026-06-22 15:51:20,684 [ERROR] LogOutputStream:75 - [STDERR_REDIRECT] 
2026-06-22 15:51:21,686 [ERROR] LogOutputStream:75 - [STDERR_REDIRECT] [Fatal Error] :1:1: Premature end of file.
2026-06-22 15:51:21,687 [ERROR] LogOutputStream:75 - [STDERR_REDIRECT] 
2026-06-22 15:51:22,685 [ERROR] LogOutputStream:75 - [STDERR_REDIRECT] [Fatal Error] :1:1: Premature end of file.
2026-06-22 15:51:22,685 [ERROR] LogOutputStream:75 - [STDERR_REDIRECT] 
2026-06-22 15:51:23,682 [ERROR] LogOutputStream:75 - [STDERR_REDIRECT] [Fatal Error] :1:1: Premature end of file.
2026-06-22 15:51:23,682 [ERROR] LogOutputStream:75 - [STDERR_REDIRECT] 
2026-06-22 15:51:24,687 [ERROR] LogOutputStream:75 - [STDERR_REDIRECT] [Fatal Error] :1:1: Premature end of file.
2026-06-22 15:51:24,687 [ERROR] LogOutputStream:75 - [STDERR_REDIRECT] 
2026-06-22 15:51:25,686 [ERROR] LogOutputStream:75 - [STDERR_REDIRECT] [Fatal Error] :1:1: Premature end of file.
2026-06-22 15:51:25,686 [ERROR] LogOutputStream:75 - [STDERR_REDIRECT] 
2026-06-22 15:51:26,684 [ERROR] LogOutputStream:75 - [STDERR_REDIRECT] [Fatal Error] :1:1: Premature end of file.
2026-06-22 15:51:26,684 [ERROR] LogOutputStream:75 - [STDERR_REDIRECT] 
2026-06-22 15:51:27,688 [ERROR] LogOutputStream:75 - [STDERR_REDIRECT] [Fatal Error] :1:1: Premature end of file.
2026-06-22 15:51:27,688 [ERROR] LogOutputStream:75 - [STDERR_REDIRECT] 
2026-06-22 15:51:28,685 [ERROR] LogOutputStream:75 - [STDERR_REDIRECT] [Fatal Error] :1:1: Premature end of file.
2026-06-22 15:51:28,686 [ERROR] LogOutputStream:75 - [STDERR_REDIRECT] 
2026-06-22 15:51:29,687 [ERROR] LogOutputStream:75 - [STDERR_REDIRECT] [Fatal Error] :1:1: Premature end of file.
2026-06-22 15:51:29,687 [ERROR] LogOutputStream:75 - [STDERR_REDIRECT] 
2026-06-22 15:51:30,692 [ERROR] LogOutputStream:75 - [STDERR_REDIRECT] [Fatal Error] :1:1: Premature end of file.
2026-06-22 15:51:30,692 [ERROR] LogOutputStream:75 - [STDERR_REDIRECT] 
2026-06-22 15:51:31,689 [ERROR] LogOutputStream:75 - [STDERR_REDIRECT] [Fatal Error] :1:1: Premature end of file.
2026-06-22 15:51:31,689 [ERROR] LogOutputStream:75 - [STDERR_REDIRECT] 
2026-06-22 15:51:32,683 [ERROR] LogOutputStream:75 - [STDERR_REDIRECT] [Fatal Error] :1:1: Premature end of file.
2026-06-22 15:51:32,684 [ERROR] LogOutputStream:75 - [STDERR_REDIRECT] 
2026-06-22 15:51:33,686 [ERROR] LogOutputStream:75 - [STDERR_REDIRECT] [Fatal Error] :1:1: Premature end of file.
2026-06-22 15:51:33,686 [ERROR] LogOutputStream:75 - [STDERR_REDIRECT] 
2026-06-22 15:51:34,685 [ERROR] LogOutputStream:75 - [STDERR_REDIRECT] [Fatal Error] :1:1: Premature end of file.
2026-06-22 15:51:34,685 [ERROR] LogOutputStream:75 - [STDERR_REDIRECT] 
2026-06-22 15:51:35,685 [ERROR] LogOutputStream:75 - [STDERR_REDIRECT] [Fatal Error] :1:1: Premature end of file.
2026-06-22 15:51:35,685 [ERROR] LogOutputStream:75 - [STDERR_REDIRECT] 
2026-06-22 15:51:36,696 [ERROR] LogOutputStream:75 - [STDERR_REDIRECT] [Fatal Error] :1:1: Premature end of file.
2026-06-22 15:51:36,696 [ERROR] LogOutputStream:75 - [STDERR_REDIRECT] 
2026-06-22 15:51:37,684 [ERROR] LogOutputStream:75 - [STDERR_REDIRECT] [Fatal Error] :1:1: Premature end of file.
2026-06-22 15:51:37,684 [ERROR] LogOutputStream:75 - [STDERR_REDIRECT] 
2026-06-22 15:51:38,685 [ERROR] LogOutputStream:75 - [STDERR_REDIRECT] [Fatal Error] :1:1: Premature end of file.
2026-06-22 15:51:38,685 [ERROR] LogOutputStream:75 - [STDERR_REDIRECT] 
2026-06-22 15:51:39,685 [ERROR] LogOutputStream:75 - [STDERR_REDIRECT] [Fatal Error] :1:1: Premature end of file.
2026-06-22 15:51:39,685 [ERROR] LogOutputStream:75 - [STDERR_REDIRECT] 
2026-06-22 15:51:40,683 [ERROR] LogOutputStream:75 - [STDERR_REDIRECT] [Fatal Error] :1:1: Premature end of file.
2026-06-22 15:51:40,683 [ERROR] LogOutputStream:75 - [STDERR_REDIRECT] 
2026-06-22 15:51:41,684 [ERROR] LogOutputStream:75 - [STDERR_REDIRECT] [Fatal Error] :1:1: Premature end of file.
2026-06-22 15:51:41,684 [ERROR] LogOutputStream:75 - [STDERR_REDIRECT] 
2026-06-22 15:51:42,683 [ERROR] LogOutputStream:75 - [STDERR_REDIRECT] [Fatal Error] :1:1: Premature end of file.
2026-06-22 15:51:42,683 [ERROR] LogOutputStream:75 - [STDERR_REDIRECT] 
2026-06-22 15:51:43,685 [ERROR] LogOutputStream:75 - [STDERR_REDIRECT] [Fatal Error] :1:1: Premature end of file.
2026-06-22 15:51:43,686 [ERROR] LogOutputStream:75 - [STDERR_REDIRECT] 
2026-06-22 15:51:44,689 [ERROR] LogOutputStream:75 - [STDERR_REDIRECT] [Fatal Error] :1:1: Premature end of file.
2026-06-22 15:51:44,689 [ERROR] LogOutputStream:75 - [STDERR_REDIRECT] 
2026-06-22 15:51:45,689 [ERROR] LogOutputStream:75 - [STDERR_REDIRECT] [Fatal Error] :1:1: Premature end of file.
2026-06-22 15:51:45,689 [ERROR] LogOutputStream:75 - [STDERR_REDIRECT] 
2026-06-22 15:51:46,684 [ERROR] LogOutputStream:75 - [STDERR_REDIRECT] [Fatal Error] :1:1: Premature end of file.
2026-06-22 15:51:46,684 [ERROR] LogOutputStream:75 - [STDERR_REDIRECT] 
2026-06-22 15:51:47,688 [ERROR] LogOutputStream:75 - [STDERR_REDIRECT] [Fatal Error] :1:1: Premature end of file.
2026-06-22 15:51:47,688 [ERROR] LogOutputStream:75 - [STDERR_REDIRECT] 
2026-06-22 15:51:48,683 [ERROR] LogOutputStream:75 - [STDERR_REDIRECT] [Fatal Error] :1:1: Premature end of file.
2026-06-22 15:51:48,683 [ERROR] LogOutputStream:75 - [STDERR_REDIRECT] 
2026-06-22 15:51:49,688 [ERROR] LogOutputStream:75 - [STDERR_REDIRECT] [Fatal Error] :1:1: Premature end of file.
2026-06-22 15:51:49,688 [ERROR] LogOutputStream:75 - [STDERR_REDIRECT] 
2026-06-22 15:51:50,684 [ERROR] LogOutputStream:75 - [STDERR_REDIRECT] [Fatal Error] :1:1: Premature end of file.
2026-06-22 15:51:50,685 [ERROR] LogOutputStream:75 - [STDERR_REDIRECT] 
2026-06-22 15:51:51,687 [ERROR] LogOutputStream:75 - [STDERR_REDIRECT] [Fatal Error] :1:1: Premature end of file.
2026-06-22 15:51:51,687 [ERROR] LogOutputStream:75 - [STDERR_REDIRECT] 
2026-06-22 15:51:52,687 [ERROR] LogOutputStream:75 - [STDERR_REDIRECT] [Fatal Error] :1:1: Premature end of file.
2026-06-22 15:51:52,687 [ERROR] LogOutputStream:75 - [STDERR_REDIRECT] 
2026-06-22 15:51:53,683 [ERROR] LogOutputStream:75 - [STDERR_REDIRECT] [Fatal Error] :1:1: Premature end of file.
2026-06-22 15:51:53,684 [ERROR] LogOutputStream:75 - [STDERR_REDIRECT] 
2026-06-22 15:51:54,686 [ERROR] LogOutputStream:75 - [STDERR_REDIRECT] [Fatal Error] :1:1: Premature end of file.
2026-06-22 15:51:54,686 [ERROR] LogOutputStream:75 - [STDERR_REDIRECT] 
2026-06-22 15:51:55,685 [ERROR] LogOutputStream:75 - [STDERR_REDIRECT] [Fatal Error] :1:1: Premature end of file.
2026-06-22 15:51:55,685 [ERROR] LogOutputStream:75 - [STDERR_REDIRECT] 
2026-06-22 15:51:56,686 [ERROR] LogOutputStream:75 - [STDERR_REDIRECT] [Fatal Error] :1:1: Premature end of file.
2026-06-22 15:51:56,686 [ERROR] LogOutputStream:75 - [STDERR_REDIRECT] 
2026-06-22 15:51:57,686 [ERROR] LogOutputStream:75 - [STDERR_REDIRECT] [Fatal Error] :1:1: Premature end of file.
2026-06-22 15:51:57,686 [ERROR] LogOutputStream:75 - [STDERR_REDIRECT] 
2026-06-22 15:51:58,683 [ERROR] LogOutputStream:75 - [STDERR_REDIRECT] [Fatal Error] :1:1: Premature end of file.
2026-06-22 15:51:58,683 [ERROR] LogOutputStream:75 - [STDERR_REDIRECT] 
2026-06-22 15:51:59,686 [ERROR] LogOutputStream:75 - [STDERR_REDIRECT] [Fatal Error] :1:1: Premature end of file.
2026-06-22 15:51:59,686 [ERROR] LogOutputStream:75 - [STDERR_REDIRECT] 
2026-06-22 15:52:00,685 [ERROR] LogOutputStream:75 - [STDERR_REDIRECT] [Fatal Error] :1:1: Premature end of file.
2026-06-22 15:52:00,686 [ERROR] LogOutputStream:75 - [STDERR_REDIRECT] 
2026-06-22 15:52:01,683 [ERROR] LogOutputStream:75 - [STDERR_REDIRECT] [Fatal Error] :1:1: Premature end of file.
2026-06-22 15:52:01,683 [ERROR] LogOutputStream:75 - [STDERR_REDIRECT] 
2026-06-22 15:52:02,680 [ERROR] LogOutputStream:75 - [STDERR_REDIRECT] [Fatal Error] :1:1: Premature end of file.
2026-06-22 15:52:02,680 [ERROR] LogOutputStream:75 - [STDERR_REDIRECT] 
2026-06-22 15:52:03,686 [ERROR] LogOutputStream:75 - [STDERR_REDIRECT] [Fatal Error] :1:1: Premature end of file.
2026-06-22 15:52:03,686 [ERROR] LogOutputStream:75 - [STDERR_REDIRECT] 
2026-06-22 15:52:04,689 [ERROR] LogOutputStream:75 - [STDERR_REDIRECT] [Fatal Error] :1:1: Premature end of file.
2026-06-22 15:52:04,689 [ERROR] LogOutputStream:75 - [STDERR_REDIRECT] 
2026-06-22 15:52:05,685 [ERROR] LogOutputStream:75 - [STDERR_REDIRECT] [Fatal Error] :1:1: Premature end of file.
2026-06-22 15:52:05,686 [ERROR] LogOutputStream:75 - [STDERR_REDIRECT] 
2026-06-22 15:52:06,683 [ERROR] LogOutputStream:75 - [STDERR_REDIRECT] [Fatal Error] :1:1: Premature end of file.
2026-06-22 15:52:06,684 [ERROR] LogOutputStream:75 - [STDERR_REDIRECT] 
2026-06-22 15:52:07,686 [ERROR] LogOutputStream:75 - [STDERR_REDIRECT] [Fatal Error] :1:1: Premature end of file.
2026-06-22 15:52:07,686 [ERROR] LogOutputStream:75 - [STDERR_REDIRECT] 
2026-06-22 15:52:08,687 [ERROR] LogOutputStream:75 - [STDERR_REDIRECT] [Fatal Error] :1:1: Premature end of file.
2026-06-22 15:52:08,687 [ERROR] LogOutputStream:75 - [STDERR_REDIRECT] 
2026-06-22 15:52:09,682 [ERROR] LogOutputStream:75 - [STDERR_REDIRECT] [Fatal Error] :1:1: Premature end of file.
2026-06-22 15:52:09,682 [ERROR] LogOutputStream:75 - [STDERR_REDIRECT] 
2026-06-22 15:52:10,686 [ERROR] LogOutputStream:75 - [STDERR_REDIRECT] [Fatal Error] :1:1: Premature end of file.
2026-06-22 15:52:10,686 [ERROR] LogOutputStream:75 - [STDERR_REDIRECT] 
2026-06-22 15:52:11,687 [ERROR] LogOutputStream:75 - [STDERR_REDIRECT] [Fatal Error] :1:1: Premature end of file.
2026-06-22 15:52:11,687 [ERROR] LogOutputStream:75 - [STDERR_REDIRECT] 
2026-06-22 15:52:12,685 [ERROR] LogOutputStream:75 - [STDERR_REDIRECT] [Fatal Error] :1:1: Premature end of file.
2026-06-22 15:52:12,685 [ERROR] LogOutputStream:75 - [STDERR_REDIRECT] 
2026-06-22 15:52:13,684 [ERROR] LogOutputStream:75 - [STDERR_REDIRECT] [Fatal Error] :1:1: Premature end of file.
2026-06-22 15:52:13,684 [ERROR] LogOutputStream:75 - [STDERR_REDIRECT] 
2026-06-22 15:52:14,685 [ERROR] LogOutputStream:75 - [STDERR_REDIRECT] [Fatal Error] :1:1: Premature end of file.
2026-06-22 15:52:14,685 [ERROR] LogOutputStream:75 - [STDERR_REDIRECT] 
2026-06-22 15:52:15,687 [ERROR] LogOutputStream:75 - [STDERR_REDIRECT] [Fatal Error] :1:1: Premature end of file.
2026-06-22 15:52:15,688 [ERROR] LogOutputStream:75 - [STDERR_REDIRECT] 
2026-06-22 15:52:16,686 [ERROR] LogOutputStream:75 - [STDERR_REDIRECT] [Fatal Error] :1:1: Premature end of file.
2026-06-22 15:52:16,687 [ERROR] LogOutputStream:75 - [STDERR_REDIRECT] 
2026-06-22 15:52:17,684 [ERROR] LogOutputStream:75 - [STDERR_REDIRECT] [Fatal Error] :1:1: Premature end of file.
2026-06-22 15:52:17,684 [ERROR] LogOutputStream:75 - [STDERR_REDIRECT] 
2026-06-22 15:52:18,684 [ERROR] LogOutputStream:75 - [STDERR_REDIRECT] [Fatal Error] :1:1: Premature end of file.
2026-06-22 15:52:18,684 [ERROR] LogOutputStream:75 - [STDERR_REDIRECT] 
2026-06-22 15:52:19,687 [ERROR] LogOutputStream:75 - [STDERR_REDIRECT] [Fatal Error] :1:1: Premature end of file.
2026-06-22 15:52:19,687 [ERROR] LogOutputStream:75 - [STDERR_REDIRECT] 
2026-06-22 15:52:20,685 [ERROR] LogOutputStream:75 - [STDERR_REDIRECT] [Fatal Error] :1:1: Premature end of file.
2026-06-22 15:52:20,685 [ERROR] LogOutputStream:75 - [STDERR_REDIRECT] 
2026-06-22 15:52:21,686 [ERROR] LogOutputStream:75 - [STDERR_REDIRECT] [Fatal Error] :1:1: Premature end of file.
2026-06-22 15:52:21,686 [ERROR] LogOutputStream:75 - [STDERR_REDIRECT] 
2026-06-22 15:52:22,684 [ERROR] LogOutputStream:75 - [STDERR_REDIRECT] [Fatal Error] :1:1: Premature end of file.
2026-06-22 15:52:22,684 [ERROR] LogOutputStream:75 - [STDERR_REDIRECT] 
2026-06-22 15:52:23,687 [ERROR] LogOutputStream:75 - [STDERR_REDIRECT] [Fatal Error] :1:1: Premature end of file.
2026-06-22 15:52:23,687 [ERROR] LogOutputStream:75 - [STDERR_REDIRECT] 
2026-06-22 15:52:24,686 [ERROR] LogOutputStream:75 - [STDERR_REDIRECT] [Fatal Error] :1:1: Premature end of file.
2026-06-22 15:52:24,686 [ERROR] LogOutputStream:75 - [STDERR_REDIRECT] 
2026-06-22 15:52:25,685 [ERROR] LogOutputStream:75 - [STDERR_REDIRECT] [Fatal Error] :1:1: Premature end of file.
2026-06-22 15:52:25,686 [ERROR] LogOutputStream:75 - [STDERR_REDIRECT] 
2026-06-22 15:52:26,684 [ERROR] LogOutputStream:75 - [STDERR_REDIRECT] [Fatal Error] :1:1: Premature end of file.
2026-06-22 15:52:26,684 [ERROR] LogOutputStream:75 - [STDERR_REDIRECT] 
2026-06-22 15:52:27,685 [ERROR] LogOutputStream:75 - [STDERR_REDIRECT] [Fatal Error] :1:1: Premature end of file.
2026-06-22 15:52:27,686 [ERROR] LogOutputStream:75 - [STDERR_REDIRECT] 
2026-06-22 15:52:28,686 [ERROR] LogOutputStream:75 - [STDERR_REDIRECT] [Fatal Error] :1:1: Premature end of file.
2026-06-22 15:52:28,686 [ERROR] LogOutputStream:75 - [STDERR_REDIRECT] 
2026-06-22 15:52:29,685 [ERROR] LogOutputStream:75 - [STDERR_REDIRECT] [Fatal Error] :1:1: Premature end of file.
2026-06-22 15:52:29,685 [ERROR] LogOutputStream:75 - [STDERR_REDIRECT] 
2026-06-22 15:52:30,686 [ERROR] LogOutputStream:75 - [STDERR_REDIRECT] [Fatal Error] :1:1: Premature end of file.
2026-06-22 15:52:30,686 [ERROR] LogOutputStream:75 - [STDERR_REDIRECT] 
2026-06-22 15:52:31,690 [ERROR] LogOutputStream:75 - [STDERR_REDIRECT] [Fatal Error] :1:1: Premature end of file.
2026-06-22 15:52:31,690 [ERROR] LogOutputStream:75 - [STDERR_REDIRECT] 
2026-06-22 15:52:32,685 [ERROR] LogOutputStream:75 - [STDERR_REDIRECT] [Fatal Error] :1:1: Premature end of file.
2026-06-22 15:52:32,685 [ERROR] LogOutputStream:75 - [STDERR_REDIRECT] 
2026-06-22 15:52:33,688 [ERROR] LogOutputStream:75 - [STDERR_REDIRECT] [Fatal Error] :1:1: Premature end of file.
2026-06-22 15:52:33,689 [ERROR] LogOutputStream:75 - [STDERR_REDIRECT] 
2026-06-22 15:52:34,683 [ERROR] LogOutputStream:75 - [STDERR_REDIRECT] [Fatal Error] :1:1: Premature end of file.
2026-06-22 15:52:34,684 [ERROR] LogOutputStream:75 - [STDERR_REDIRECT] 
2026-06-22 15:52:35,685 [ERROR] LogOutputStream:75 - [STDERR_REDIRECT] [Fatal Error] :1:1: Premature end of file.
2026-06-22 15:52:35,686 [ERROR] LogOutputStream:75 - [STDERR_REDIRECT] 
2026-06-22 15:52:36,686 [ERROR] LogOutputStream:75 - [STDERR_REDIRECT] [Fatal Error] :1:1: Premature end of file.
2026-06-22 15:52:36,687 [ERROR] LogOutputStream:75 - [STDERR_REDIRECT] 
2026-06-22 15:52:37,686 [ERROR] LogOutputStream:75 - [STDERR_REDIRECT] [Fatal Error] :1:1: Premature end of file.
2026-06-22 15:52:37,687 [ERROR] LogOutputStream:75 - [STDERR_REDIRECT] 
2026-06-22 15:52:38,683 [ERROR] LogOutputStream:75 - [STDERR_REDIRECT] [Fatal Error] :1:1: Premature end of file.
2026-06-22 15:52:38,683 [ERROR] LogOutputStream:75 - [STDERR_REDIRECT] 
2026-06-22 15:52:39,684 [ERROR] LogOutputStream:75 - [STDERR_REDIRECT] [Fatal Error] :1:1: Premature end of file.
2026-06-22 15:52:39,684 [ERROR] LogOutputStream:75 - [STDERR_REDIRECT] 
2026-06-22 15:52:40,687 [ERROR] LogOutputStream:75 - [STDERR_REDIRECT] [Fatal Error] :1:1: Premature end of file.
2026-06-22 15:52:40,687 [ERROR] LogOutputStream:75 - [STDERR_REDIRECT] 
2026-06-22 15:52:41,685 [ERROR] LogOutputStream:75 - [STDERR_REDIRECT] [Fatal Error] :1:1: Premature end of file.
2026-06-22 15:52:41,686 [ERROR] LogOutputStream:75 - [STDERR_REDIRECT] 
2026-06-22 15:52:42,684 [ERROR] LogOutputStream:75 - [STDERR_REDIRECT] [Fatal Error] :1:1: Premature end of file.
2026-06-22 15:52:42,684 [ERROR] LogOutputStream:75 - [STDERR_REDIRECT] 
2026-06-22 15:52:43,686 [ERROR] LogOutputStream:75 - [STDERR_REDIRECT] [Fatal Error] :1:1: Premature end of file.
2026-06-22 15:52:43,686 [ERROR] LogOutputStream:75 - [STDERR_REDIRECT] 
2026-06-22 15:52:44,686 [ERROR] LogOutputStream:75 - [STDERR_REDIRECT] [Fatal Error] :1:1: Premature end of file.
2026-06-22 15:52:44,686 [ERROR] LogOutputStream:75 - [STDERR_REDIRECT] 
2026-06-22 15:52:45,684 [ERROR] LogOutputStream:75 - [STDERR_REDIRECT] [Fatal Error] :1:1: Premature end of file.
2026-06-22 15:52:45,684 [ERROR] LogOutputStream:75 - [STDERR_REDIRECT] 
2026-06-22 15:52:46,684 [ERROR] LogOutputStream:75 - [STDERR_REDIRECT] [Fatal Error] :1:1: Premature end of file.
2026-06-22 15:52:46,685 [ERROR] LogOutputStream:75 - [STDERR_REDIRECT] 
2026-06-22 15:52:47,689 [ERROR] LogOutputStream:75 - [STDERR_REDIRECT] [Fatal Error] :1:1: Premature end of file.
2026-06-22 15:52:47,690 [ERROR] LogOutputStream:75 - [STDERR_REDIRECT] 
2026-06-22 15:52:48,685 [ERROR] LogOutputStream:75 - [STDERR_REDIRECT] [Fatal Error] :1:1: Premature end of file.
2026-06-22 15:52:48,685 [ERROR] LogOutputStream:75 - [STDERR_REDIRECT] 
2026-06-22 15:52:49,687 [ERROR] LogOutputStream:75 - [STDERR_REDIRECT] [Fatal Error] :1:1: Premature end of file.
2026-06-22 15:52:49,687 [ERROR] LogOutputStream:75 - [STDERR_REDIRECT] 
2026-06-22 15:52:50,685 [ERROR] LogOutputStream:75 - [STDERR_REDIRECT] [Fatal Error] :1:1: Premature end of file.
2026-06-22 15:52:50,685 [ERROR] LogOutputStream:75 - [STDERR_REDIRECT] 
2026-06-22 15:52:51,685 [ERROR] LogOutputStream:75 - [STDERR_REDIRECT] [Fatal Error] :1:1: Premature end of file.
2026-06-22 15:52:51,685 [ERROR] LogOutputStream:75 - [STDERR_REDIRECT] 
2026-06-22 15:52:52,686 [ERROR] LogOutputStream:75 - [STDERR_REDIRECT] [Fatal Error] :1:1: Premature end of file.
2026-06-22 15:52:52,686 [ERROR] LogOutputStream:75 - [STDERR_REDIRECT] 
2026-06-22 15:52:53,684 [ERROR] LogOutputStream:75 - [STDERR_REDIRECT] [Fatal Error] :1:1: Premature end of file.
2026-06-22 15:52:53,684 [ERROR] LogOutputStream:75 - [STDERR_REDIRECT] 
2026-06-22 15:52:54,689 [ERROR] LogOutputStream:75 - [STDERR_REDIRECT] [Fatal Error] :1:1: Premature end of file.
2026-06-22 15:52:54,690 [ERROR] LogOutputStream:75 - [STDERR_REDIRECT] 
2026-06-22 15:52:55,695 [ERROR] LogOutputStream:75 - [STDERR_REDIRECT] [Fatal Error] :1:1: Premature end of file.
2026-06-22 15:52:55,695 [ERROR] LogOutputStream:75 - [STDERR_REDIRECT] 
2026-06-22 15:52:56,688 [ERROR] LogOutputStream:75 - [STDERR_REDIRECT] [Fatal Error] :1:1: Premature end of file.
2026-06-22 15:52:56,688 [ERROR] LogOutputStream:75 - [STDERR_REDIRECT] 
2026-06-22 15:52:57,688 [ERROR] LogOutputStream:75 - [STDERR_REDIRECT] [Fatal Error] :1:1: Premature end of file.
2026-06-22 15:52:57,688 [ERROR] LogOutputStream:75 - [STDERR_REDIRECT] 
2026-06-22 15:52:58,688 [ERROR] LogOutputStream:75 - [STDERR_REDIRECT] [Fatal Error] :1:1: Premature end of file.
2026-06-22 15:52:58,688 [ERROR] LogOutputStream:75 - [STDERR_REDIRECT] 
2026-06-22 15:52:59,685 [ERROR] LogOutputStream:75 - [STDERR_REDIRECT] [Fatal Error] :1:1: Premature end of file.
2026-06-22 15:52:59,685 [ERROR] LogOutputStream:75 - [STDERR_REDIRECT] 
2026-06-22 15:53:00,686 [ERROR] LogOutputStream:75 - [STDERR_REDIRECT] [Fatal Error] :1:1: Premature end of file.
2026-06-22 15:53:00,686 [ERROR] LogOutputStream:75 - [STDERR_REDIRECT] 
2026-06-22 15:53:01,685 [ERROR] LogOutputStream:75 - [STDERR_REDIRECT] [Fatal Error] :1:1: Premature end of file.
2026-06-22 15:53:01,685 [ERROR] LogOutputStream:75 - [STDERR_REDIRECT] 
2026-06-22 15:53:02,683 [ERROR] LogOutputStream:75 - [STDERR_REDIRECT] [Fatal Error] :1:1: Premature end of file.
2026-06-22 15:53:02,684 [ERROR] LogOutputStream:75 - [STDERR_REDIRECT] 
2026-06-22 15:53:03,682 [ERROR] LogOutputStream:75 - [STDERR_REDIRECT] [Fatal Error] :1:1: Premature end of file.
2026-06-22 15:53:03,682 [ERROR] LogOutputStream:75 - [STDERR_REDIRECT] 
2026-06-22 15:53:04,688 [ERROR] LogOutputStream:75 - [STDERR_REDIRECT] [Fatal Error] :1:1: Premature end of file.
2026-06-22 15:53:04,688 [ERROR] LogOutputStream:75 - [STDERR_REDIRECT] 
2026-06-22 15:53:05,684 [ERROR] LogOutputStream:75 - [STDERR_REDIRECT] [Fatal Error] :1:1: Premature end of file.
2026-06-22 15:53:05,684 [ERROR] LogOutputStream:75 - [STDERR_REDIRECT] 
2026-06-22 15:53:06,686 [ERROR] LogOutputStream:75 - [STDERR_REDIRECT] [Fatal Error] :1:1: Premature end of file.
2026-06-22 15:53:06,686 [ERROR] LogOutputStream:75 - [STDERR_REDIRECT] 
2026-06-22 15:53:07,686 [ERROR] LogOutputStream:75 - [STDERR_REDIRECT] [Fatal Error] :1:1: Premature end of file.
2026-06-22 15:53:07,686 [ERROR] LogOutputStream:75 - [STDERR_REDIRECT] 
2026-06-22 15:53:08,685 [ERROR] LogOutputStream:75 - [STDERR_REDIRECT] [Fatal Error] :1:1: Premature end of file.
2026-06-22 15:53:08,685 [ERROR] LogOutputStream:75 - [STDERR_REDIRECT] 
2026-06-22 15:53:09,687 [ERROR] LogOutputStream:75 - [STDERR_REDIRECT] [Fatal Error] :1:1: Premature end of file.
2026-06-22 15:53:09,687 [ERROR] LogOutputStream:75 - [STDERR_REDIRECT] 
2026-06-22 15:53:10,690 [ERROR] LogOutputStream:75 - [STDERR_REDIRECT] [Fatal Error] :1:1: Premature end of file.
2026-06-22 15:53:10,690 [ERROR] LogOutputStream:75 - [STDERR_REDIRECT] 
2026-06-22 15:53:11,682 [ERROR] LogOutputStream:75 - [STDERR_REDIRECT] [Fatal Error] :1:1: Premature end of file.
2026-06-22 15:53:11,683 [ERROR] LogOutputStream:75 - [STDERR_REDIRECT] 
2026-06-22 15:53:12,684 [ERROR] LogOutputStream:75 - [STDERR_REDIRECT] [Fatal Error] :1:1: Premature end of file.
2026-06-22 15:53:12,684 [ERROR] LogOutputStream:75 - [STDERR_REDIRECT] 
2026-06-22 15:53:13,685 [ERROR] LogOutputStream:75 - [STDERR_REDIRECT] [Fatal Error] :1:1: Premature end of file.
2026-06-22 15:53:13,685 [ERROR] LogOutputStream:75 - [STDERR_REDIRECT] 
2026-06-22 15:53:14,685 [ERROR] LogOutputStream:75 - [STDERR_REDIRECT] [Fatal Error] :1:1: Premature end of file.
2026-06-22 15:53:14,685 [ERROR] LogOutputStream:75 - [STDERR_REDIRECT] 
2026-06-22 15:53:15,690 [ERROR] LogOutputStream:75 - [STDERR_REDIRECT] [Fatal Error] :1:1: Premature end of file.
2026-06-22 15:53:15,690 [ERROR] LogOutputStream:75 - [STDERR_REDIRECT] 
2026-06-22 15:53:16,685 [ERROR] LogOutputStream:75 - [STDERR_REDIRECT] [Fatal Error] :1:1: Premature end of file.
2026-06-22 15:53:16,685 [ERROR] LogOutputStream:75 - [STDERR_REDIRECT] 
2026-06-22 15:53:17,686 [ERROR] LogOutputStream:75 - [STDERR_REDIRECT] [Fatal Error] :1:1: Premature end of file.
2026-06-22 15:53:17,686 [ERROR] LogOutputStream:75 - [STDERR_REDIRECT] 
2026-06-22 15:53:18,685 [ERROR] LogOutputStream:75 - [STDERR_REDIRECT] [Fatal Error] :1:1: Premature end of file.
2026-06-22 15:53:18,685 [ERROR] LogOutputStream:75 - [STDERR_REDIRECT] 
2026-06-22 15:53:19,685 [ERROR] LogOutputStream:75 - [STDERR_REDIRECT] [Fatal Error] :1:1: Premature end of file.
2026-06-22 15:53:19,685 [ERROR] LogOutputStream:75 - [STDERR_REDIRECT] 
2026-06-22 15:53:20,688 [ERROR] LogOutputStream:75 - [STDERR_REDIRECT] [Fatal Error] :1:1: Premature end of file.
2026-06-22 15:53:20,688 [ERROR] LogOutputStream:75 - [STDERR_REDIRECT] 
2026-06-22 15:53:21,688 [ERROR] LogOutputStream:75 - [STDERR_REDIRECT] [Fatal Error] :1:1: Premature end of file.
2026-06-22 15:53:21,688 [ERROR] LogOutputStream:75 - [STDERR_REDIRECT] 
2026-06-22 15:53:22,685 [ERROR] LogOutputStream:75 - [STDERR_REDIRECT] [Fatal Error] :1:1: Premature end of file.
2026-06-22 15:53:22,685 [ERROR] LogOutputStream:75 - [STDERR_REDIRECT] 
2026-06-22 15:53:23,686 [ERROR] LogOutputStream:75 - [STDERR_REDIRECT] [Fatal Error] :1:1: Premature end of file.
2026-06-22 15:53:23,686 [ERROR] LogOutputStream:75 - [STDERR_REDIRECT] 
2026-06-22 15:53:24,686 [ERROR] LogOutputStream:75 - [STDERR_REDIRECT] [Fatal Error] :1:1: Premature end of file.
2026-06-22 15:53:24,686 [ERROR] LogOutputStream:75 - [STDERR_REDIRECT] 
2026-06-22 15:53:25,687 [ERROR] LogOutputStream:75 - [STDERR_REDIRECT] [Fatal Error] :1:1: Premature end of file.
2026-06-22 15:53:25,687 [ERROR] LogOutputStream:75 - [STDERR_REDIRECT] 
2026-06-22 15:53:26,684 [ERROR] LogOutputStream:75 - [STDERR_REDIRECT] [Fatal Error] :1:1: Premature end of file.
2026-06-22 15:53:26,684 [ERROR] LogOutputStream:75 - [STDERR_REDIRECT] 
2026-06-22 15:53:27,686 [ERROR] LogOutputStream:75 - [STDERR_REDIRECT] [Fatal Error] :1:1: Premature end of file.
2026-06-22 15:53:27,686 [ERROR] LogOutputStream:75 - [STDERR_REDIRECT] 
2026-06-22 15:53:28,685 [ERROR] LogOutputStream:75 - [STDERR_REDIRECT] [Fatal Error] :1:1: Premature end of file.
2026-06-22 15:53:28,685 [ERROR] LogOutputStream:75 - [STDERR_REDIRECT] 
2026-06-22 15:53:29,685 [ERROR] LogOutputStream:75 - [STDERR_REDIRECT] [Fatal Error] :1:1: Premature end of file.
2026-06-22 15:53:29,686 [ERROR] LogOutputStream:75 - [STDERR_REDIRECT] 
2026-06-22 15:53:30,686 [ERROR] LogOutputStream:75 - [STDERR_REDIRECT] [Fatal Error] :1:1: Premature end of file.
2026-06-22 15:53:30,686 [ERROR] LogOutputStream:75 - [STDERR_REDIRECT] 
2026-06-22 15:53:31,687 [ERROR] LogOutputStream:75 - [STDERR_REDIRECT] [Fatal Error] :1:1: Premature end of file.
2026-06-22 15:53:31,688 [ERROR] LogOutputStream:75 - [STDERR_REDIRECT] 
2026-06-22 15:53:32,685 [ERROR] LogOutputStream:75 - [STDERR_REDIRECT] [Fatal Error] :1:1: Premature end of file.
2026-06-22 15:53:32,685 [ERROR] LogOutputStream:75 - [STDERR_REDIRECT] 
2026-06-22 15:53:33,687 [ERROR] LogOutputStream:75 - [STDERR_REDIRECT] [Fatal Error] :1:1: Premature end of file.
2026-06-22 15:53:33,687 [ERROR] LogOutputStream:75 - [STDERR_REDIRECT] 
2026-06-22 15:53:34,688 [ERROR] LogOutputStream:75 - [STDERR_REDIRECT] [Fatal Error] :1:1: Premature end of file.
2026-06-22 15:53:34,688 [ERROR] LogOutputStream:75 - [STDERR_REDIRECT] 
2026-06-22 15:53:35,690 [ERROR] LogOutputStream:75 - [STDERR_REDIRECT] [Fatal Error] :1:1: Premature end of file.
2026-06-22 15:53:35,690 [ERROR] LogOutputStream:75 - [STDERR_REDIRECT] 
2026-06-22 15:53:36,684 [ERROR] LogOutputStream:75 - [STDERR_REDIRECT] [Fatal Error] :1:1: Premature end of file.
2026-06-22 15:53:36,684 [ERROR] LogOutputStream:75 - [STDERR_REDIRECT] 
2026-06-22 15:53:37,690 [ERROR] LogOutputStream:75 - [STDERR_REDIRECT] [Fatal Error] :1:1: Premature end of file.
2026-06-22 15:53:37,690 [ERROR] LogOutputStream:75 - [STDERR_REDIRECT] 
2026-06-22 15:53:38,689 [ERROR] LogOutputStream:75 - [STDERR_REDIRECT] [Fatal Error] :1:1: Premature end of file.
2026-06-22 15:53:38,689 [ERROR] LogOutputStream:75 - [STDERR_REDIRECT] 
2026-06-22 15:53:39,687 [ERROR] LogOutputStream:75 - [STDERR_REDIRECT] [Fatal Error] :1:1: Premature end of file.
2026-06-22 15:53:39,687 [ERROR] LogOutputStream:75 - [STDERR_REDIRECT] 
2026-06-22 15:53:40,691 [ERROR] LogOutputStream:75 - [STDERR_REDIRECT] [Fatal Error] :1:1: Premature end of file.
2026-06-22 15:53:40,691 [ERROR] LogOutputStream:75 - [STDERR_REDIRECT] 
2026-06-22 15:53:41,687 [ERROR] LogOutputStream:75 - [STDERR_REDIRECT] [Fatal Error] :1:1: Premature end of file.
2026-06-22 15:53:41,687 [ERROR] LogOutputStream:75 - [STDERR_REDIRECT] 
2026-06-22 15:53:42,691 [ERROR] LogOutputStream:75 - [STDERR_REDIRECT] [Fatal Error] :1:1: Premature end of file.
2026-06-22 15:53:42,692 [ERROR] LogOutputStream:75 - [STDERR_REDIRECT] 
2026-06-22 15:53:43,694 [ERROR] LogOutputStream:75 - [STDERR_REDIRECT] [Fatal Error] :1:1: Premature end of file.
2026-06-22 15:53:43,694 [ERROR] LogOutputStream:75 - [STDERR_REDIRECT] 
2026-06-22 15:53:44,685 [ERROR] LogOutputStream:75 - [STDERR_REDIRECT] [Fatal Error] :1:1: Premature end of file.
2026-06-22 15:53:44,685 [ERROR] LogOutputStream:75 - [STDERR_REDIRECT] 
2026-06-22 15:53:45,684 [ERROR] LogOutputStream:75 - [STDERR_REDIRECT] [Fatal Error] :1:1: Premature end of file.
2026-06-22 15:53:45,684 [ERROR] LogOutputStream:75 - [STDERR_REDIRECT] 
2026-06-22 15:53:46,684 [ERROR] LogOutputStream:75 - [STDERR_REDIRECT] [Fatal Error] :1:1: Premature end of file.
2026-06-22 15:53:46,684 [ERROR] LogOutputStream:75 - [STDERR_REDIRECT] 
2026-06-22 15:53:47,684 [ERROR] LogOutputStream:75 - [STDERR_REDIRECT] [Fatal Error] :1:1: Premature end of file.
2026-06-22 15:53:47,684 [ERROR] LogOutputStream:75 - [STDERR_REDIRECT] 
2026-06-22 15:53:48,685 [ERROR] LogOutputStream:75 - [STDERR_REDIRECT] [Fatal Error] :1:1: Premature end of file.
2026-06-22 15:53:48,685 [ERROR] LogOutputStream:75 - [STDERR_REDIRECT] 
2026-06-22 15:53:49,696 [ERROR] LogOutputStream:75 - [STDERR_REDIRECT] [Fatal Error] :1:1: Premature end of file.
2026-06-22 15:53:49,696 [ERROR] LogOutputStream:75 - [STDERR_REDIRECT] 
2026-06-22 15:53:50,685 [ERROR] LogOutputStream:75 - [STDERR_REDIRECT] [Fatal Error] :1:1: Premature end of file.
2026-06-22 15:53:50,685 [ERROR] LogOutputStream:75 - [STDERR_REDIRECT] 
2026-06-22 15:53:51,690 [ERROR] LogOutputStream:75 - [STDERR_REDIRECT] [Fatal Error] :1:1: Premature end of file.
2026-06-22 15:53:51,690 [ERROR] LogOutputStream:75 - [STDERR_REDIRECT] 
2026-06-22 15:53:52,690 [ERROR] LogOutputStream:75 - [STDERR_REDIRECT] [Fatal Error] :1:1: Premature end of file.
2026-06-22 15:53:52,690 [ERROR] LogOutputStream:75 - [STDERR_REDIRECT] 
2026-06-22 15:53:53,685 [ERROR] LogOutputStream:75 - [STDERR_REDIRECT] [Fatal Error] :1:1: Premature end of file.
2026-06-22 15:53:53,685 [ERROR] LogOutputStream:75 - [STDERR_REDIRECT] 
2026-06-22 15:53:54,687 [ERROR] LogOutputStream:75 - [STDERR_REDIRECT] [Fatal Error] :1:1: Premature end of file.
2026-06-22 15:53:54,687 [ERROR] LogOutputStream:75 - [STDERR_REDIRECT] 
2026-06-22 15:53:55,685 [ERROR] LogOutputStream:75 - [STDERR_REDIRECT] [Fatal Error] :1:1: Premature end of file.
2026-06-22 15:53:55,685 [ERROR] LogOutputStream:75 - [STDERR_REDIRECT] 
2026-06-22 15:53:56,685 [ERROR] LogOutputStream:75 - [STDERR_REDIRECT] [Fatal Error] :1:1: Premature end of file.
2026-06-22 15:53:56,685 [ERROR] LogOutputStream:75 - [STDERR_REDIRECT] 
2026-06-22 15:53:57,686 [ERROR] LogOutputStream:75 - [STDERR_REDIRECT] [Fatal Error] :1:1: Premature end of file.
2026-06-22 15:53:57,687 [ERROR] LogOutputStream:75 - [STDERR_REDIRECT] 
2026-06-22 15:53:58,683 [ERROR] LogOutputStream:75 - [STDERR_REDIRECT] [Fatal Error] :1:1: Premature end of file.
2026-06-22 15:53:58,683 [ERROR] LogOutputStream:75 - [STDERR_REDIRECT] 
2026-06-22 15:53:59,689 [ERROR] LogOutputStream:75 - [STDERR_REDIRECT] [Fatal Error] :1:1: Premature end of file.
2026-06-22 15:53:59,689 [ERROR] LogOutputStream:75 - [STDERR_REDIRECT] 
2026-06-22 15:54:00,685 [ERROR] LogOutputStream:75 - [STDERR_REDIRECT] [Fatal Error] :1:1: Premature end of file.
2026-06-22 15:54:00,685 [ERROR] LogOutputStream:75 - [STDERR_REDIRECT] 
2026-06-22 15:54:01,685 [ERROR] LogOutputStream:75 - [STDERR_REDIRECT] [Fatal Error] :1:1: Premature end of file.
2026-06-22 15:54:01,686 [ERROR] LogOutputStream:75 - [STDERR_REDIRECT] 
2026-06-22 15:54:02,692 [ERROR] LogOutputStream:75 - [STDERR_REDIRECT] [Fatal Error] :1:1: Premature end of file.
2026-06-22 15:54:02,692 [ERROR] LogOutputStream:75 - [STDERR_REDIRECT] 
2026-06-22 15:54:03,688 [ERROR] LogOutputStream:75 - [STDERR_REDIRECT] [Fatal Error] :1:1: Premature end of file.
2026-06-22 15:54:03,688 [ERROR] LogOutputStream:75 - [STDERR_REDIRECT] 
2026-06-22 15:54:04,684 [ERROR] LogOutputStream:75 - [STDERR_REDIRECT] [Fatal Error] :1:1: Premature end of file.
2026-06-22 15:54:04,684 [ERROR] LogOutputStream:75 - [STDERR_REDIRECT] 
2026-06-22 15:54:05,686 [ERROR] LogOutputStream:75 - [STDERR_REDIRECT] [Fatal Error] :1:1: Premature end of file.
2026-06-22 15:54:05,686 [ERROR] LogOutputStream:75 - [STDERR_REDIRECT] 
2026-06-22 15:54:06,673 [ERROR] LogOutputStream:75 - [STDERR_REDIRECT] [Fatal Error] :1:1: Premature end of file.
2026-06-22 15:54:06,673 [ERROR] LogOutputStream:75 - [STDERR_REDIRECT] 
2026-06-22 15:54:07,672 [ERROR] LogOutputStream:75 - [STDERR_REDIRECT] [Fatal Error] :1:1: Premature end of file.
2026-06-22 15:54:07,672 [ERROR] LogOutputStream:75 - [STDERR_REDIRECT] 
2026-06-22 15:54:08,689 [ERROR] LogOutputStream:75 - [STDERR_REDIRECT] [Fatal Error] :1:1: Premature end of file.
2026-06-22 15:54:08,689 [ERROR] LogOutputStream:75 - [STDERR_REDIRECT] 
2026-06-22 15:54:09,685 [ERROR] LogOutputStream:75 - [STDERR_REDIRECT] [Fatal Error] :1:1: Premature end of file.
2026-06-22 15:54:09,685 [ERROR] LogOutputStream:75 - [STDERR_REDIRECT] 
2026-06-22 15:54:10,684 [ERROR] LogOutputStream:75 - [STDERR_REDIRECT] [Fatal Error] :1:1: Premature end of file.
2026-06-22 15:54:10,684 [ERROR] LogOutputStream:75 - [STDERR_REDIRECT] 
2026-06-22 15:54:11,686 [ERROR] LogOutputStream:75 - [STDERR_REDIRECT] [Fatal Error] :1:1: Premature end of file.
2026-06-22 15:54:11,686 [ERROR] LogOutputStream:75 - [STDERR_REDIRECT] 
2026-06-22 15:54:12,685 [ERROR] LogOutputStream:75 - [STDERR_REDIRECT] [Fatal Error] :1:1: Premature end of file.
2026-06-22 15:54:12,686 [ERROR] LogOutputStream:75 - [STDERR_REDIRECT] 
2026-06-22 15:54:13,686 [ERROR] LogOutputStream:75 - [STDERR_REDIRECT] [Fatal Error] :1:1: Premature end of file.
2026-06-22 15:54:13,686 [ERROR] LogOutputStream:75 - [STDERR_REDIRECT] 
2026-06-22 15:54:14,685 [ERROR] LogOutputStream:75 - [STDERR_REDIRECT] [Fatal Error] :1:1: Premature end of file.
2026-06-22 15:54:14,685 [ERROR] LogOutputStream:75 - [STDERR_REDIRECT] 
2026-06-22 15:54:15,689 [ERROR] LogOutputStream:75 - [STDERR_REDIRECT] [Fatal Error] :1:1: Premature end of file.
2026-06-22 15:54:15,689 [ERROR] LogOutputStream:75 - [STDERR_REDIRECT] 
2026-06-22 15:54:16,689 [ERROR] LogOutputStream:75 - [STDERR_REDIRECT] [Fatal Error] :1:1: Premature end of file.
2026-06-22 15:54:16,689 [ERROR] LogOutputStream:75 - [STDERR_REDIRECT] 
2026-06-22 15:54:17,689 [ERROR] LogOutputStream:75 - [STDERR_REDIRECT] [Fatal Error] :1:1: Premature end of file.
2026-06-22 15:54:17,689 [ERROR] LogOutputStream:75 - [STDERR_REDIRECT] 
2026-06-22 15:54:18,686 [ERROR] LogOutputStream:75 - [STDERR_REDIRECT] [Fatal Error] :1:1: Premature end of file.
2026-06-22 15:54:18,686 [ERROR] LogOutputStream:75 - [STDERR_REDIRECT] 
2026-06-22 15:54:19,685 [ERROR] LogOutputStream:75 - [STDERR_REDIRECT] [Fatal Error] :1:1: Premature end of file.
2026-06-22 15:54:19,685 [ERROR] LogOutputStream:75 - [STDERR_REDIRECT] 
2026-06-22 15:54:20,691 [ERROR] LogOutputStream:75 - [STDERR_REDIRECT] [Fatal Error] :1:1: Premature end of file.
2026-06-22 15:54:20,691 [ERROR] LogOutputStream:75 - [STDERR_REDIRECT] 
2026-06-22 15:54:21,690 [ERROR] LogOutputStream:75 - [STDERR_REDIRECT] [Fatal Error] :1:1: Premature end of file.
2026-06-22 15:54:21,690 [ERROR] LogOutputStream:75 - [STDERR_REDIRECT] 
2026-06-22 15:54:22,687 [ERROR] LogOutputStream:75 - [STDERR_REDIRECT] [Fatal Error] :1:1: Premature end of file.
2026-06-22 15:54:22,687 [ERROR] LogOutputStream:75 - [STDERR_REDIRECT] 
2026-06-22 15:54:23,686 [ERROR] LogOutputStream:75 - [STDERR_REDIRECT] [Fatal Error] :1:1: Premature end of file.
2026-06-22 15:54:23,686 [ERROR] LogOutputStream:75 - [STDERR_REDIRECT] 
2026-06-22 15:54:24,688 [ERROR] LogOutputStream:75 - [STDERR_REDIRECT] [Fatal Error] :1:1: Premature end of file.
2026-06-22 15:54:24,688 [ERROR] LogOutputStream:75 - [STDERR_REDIRECT] 
2026-06-22 15:54:25,685 [ERROR] LogOutputStream:75 - [STDERR_REDIRECT] [Fatal Error] :1:1: Premature end of file.
2026-06-22 15:54:25,685 [ERROR] LogOutputStream:75 - [STDERR_REDIRECT] 
2026-06-22 15:54:26,683 [ERROR] LogOutputStream:75 - [STDERR_REDIRECT] [Fatal Error] :1:1: Premature end of file.
2026-06-22 15:54:26,684 [ERROR] LogOutputStream:75 - [STDERR_REDIRECT] 
2026-06-22 15:54:27,690 [ERROR] LogOutputStream:75 - [STDERR_REDIRECT] [Fatal Error] :1:1: Premature end of file.
2026-06-22 15:54:27,690 [ERROR] LogOutputStream:75 - [STDERR_REDIRECT] 
2026-06-22 15:54:28,683 [ERROR] LogOutputStream:75 - [STDERR_REDIRECT] [Fatal Error] :1:1: Premature end of file.
2026-06-22 15:54:28,683 [ERROR] LogOutputStream:75 - [STDERR_REDIRECT] 
2026-06-22 15:54:29,685 [ERROR] LogOutputStream:75 - [STDERR_REDIRECT] [Fatal Error] :1:1: Premature end of file.
2026-06-22 15:54:29,685 [ERROR] LogOutputStream:75 - [STDERR_REDIRECT] 
2026-06-22 15:54:30,684 [ERROR] LogOutputStream:75 - [STDERR_REDIRECT] [Fatal Error] :1:1: Premature end of file.
2026-06-22 15:54:30,684 [ERROR] LogOutputStream:75 - [STDERR_REDIRECT] 
2026-06-22 15:54:31,689 [ERROR] LogOutputStream:75 - [STDERR_REDIRECT] [Fatal Error] :1:1: Premature end of file.
2026-06-22 15:54:31,690 [ERROR] LogOutputStream:75 - [STDERR_REDIRECT] 
2026-06-22 15:54:32,682 [ERROR] LogOutputStream:75 - [STDERR_REDIRECT] [Fatal Error] :1:1: Premature end of file.
2026-06-22 15:54:32,682 [ERROR] LogOutputStream:75 - [STDERR_REDIRECT] 
2026-06-22 15:54:33,686 [ERROR] LogOutputStream:75 - [STDERR_REDIRECT] [Fatal Error] :1:1: Premature end of file.
2026-06-22 15:54:33,686 [ERROR] LogOutputStream:75 - [STDERR_REDIRECT] 
2026-06-22 15:54:34,683 [ERROR] LogOutputStream:75 - [STDERR_REDIRECT] [Fatal Error] :1:1: Premature end of file.
2026-06-22 15:54:34,683 [ERROR] LogOutputStream:75 - [STDERR_REDIRECT] 
2026-06-22 15:54:35,685 [ERROR] LogOutputStream:75 - [STDERR_REDIRECT] [Fatal Error] :1:1: Premature end of file.
2026-06-22 15:54:35,685 [ERROR] LogOutputStream:75 - [STDERR_REDIRECT] 
2026-06-22 15:54:36,684 [ERROR] LogOutputStream:75 - [STDERR_REDIRECT] [Fatal Error] :1:1: Premature end of file.
2026-06-22 15:54:36,684 [ERROR] LogOutputStream:75 - [STDERR_REDIRECT] 
2026-06-22 15:54:37,686 [ERROR] LogOutputStream:75 - [STDERR_REDIRECT] [Fatal Error] :1:1: Premature end of file.
2026-06-22 15:54:37,686 [ERROR] LogOutputStream:75 - [STDERR_REDIRECT] 
2026-06-22 15:54:38,687 [ERROR] LogOutputStream:75 - [STDERR_REDIRECT] [Fatal Error] :1:1: Premature end of file.
2026-06-22 15:54:38,687 [ERROR] LogOutputStream:75 - [STDERR_REDIRECT] 
2026-06-22 15:54:39,685 [ERROR] LogOutputStream:75 - [STDERR_REDIRECT] [Fatal Error] :1:1: Premature end of file.
2026-06-22 15:54:39,685 [ERROR] LogOutputStream:75 - [STDERR_REDIRECT] 
2026-06-22 15:54:40,685 [ERROR] LogOutputStream:75 - [STDERR_REDIRECT] [Fatal Error] :1:1: Premature end of file.
2026-06-22 15:54:40,685 [ERROR] LogOutputStream:75 - [STDERR_REDIRECT] 
2026-06-22 15:54:41,684 [ERROR] LogOutputStream:75 - [STDERR_REDIRECT] [Fatal Error] :1:1: Premature end of file.
2026-06-22 15:54:41,684 [ERROR] LogOutputStream:75 - [STDERR_REDIRECT] 
2026-06-22 15:54:42,684 [ERROR] LogOutputStream:75 - [STDERR_REDIRECT] [Fatal Error] :1:1: Premature end of file.
2026-06-22 15:54:42,684 [ERROR] LogOutputStream:75 - [STDERR_REDIRECT] 
2026-06-22 15:54:43,685 [ERROR] LogOutputStream:75 - [STDERR_REDIRECT] [Fatal Error] :1:1: Premature end of file.
2026-06-22 15:54:43,685 [ERROR] LogOutputStream:75 - [STDERR_REDIRECT] 
2026-06-22 15:54:44,685 [ERROR] LogOutputStream:75 - [STDERR_REDIRECT] [Fatal Error] :1:1: Premature end of file.
2026-06-22 15:54:44,686 [ERROR] LogOutputStream:75 - [STDERR_REDIRECT] 
2026-06-22 15:54:45,685 [ERROR] LogOutputStream:75 - [STDERR_REDIRECT] [Fatal Error] :1:1: Premature end of file.
2026-06-22 15:54:45,685 [ERROR] LogOutputStream:75 - [STDERR_REDIRECT] 
2026-06-22 15:54:46,685 [ERROR] LogOutputStream:75 - [STDERR_REDIRECT] [Fatal Error] :1:1: Premature end of file.
2026-06-22 15:54:46,685 [ERROR] LogOutputStream:75 - [STDERR_REDIRECT] 
2026-06-22 15:54:47,687 [ERROR] LogOutputStream:75 - [STDERR_REDIRECT] [Fatal Error] :1:1: Premature end of file.
2026-06-22 15:54:47,687 [ERROR] LogOutputStream:75 - [STDERR_REDIRECT] 
2026-06-22 15:54:48,684 [ERROR] LogOutputStream:75 - [STDERR_REDIRECT] [Fatal Error] :1:1: Premature end of file.
2026-06-22 15:54:48,684 [ERROR] LogOutputStream:75 - [STDERR_REDIRECT] 
2026-06-22 15:54:49,684 [ERROR] LogOutputStream:75 - [STDERR_REDIRECT] [Fatal Error] :1:1: Premature end of file.
2026-06-22 15:54:49,684 [ERROR] LogOutputStream:75 - [STDERR_REDIRECT] 
2026-06-22 15:54:50,696 [ERROR] LogOutputStream:75 - [STDERR_REDIRECT] [Fatal Error] :1:1: Premature end of file.
2026-06-22 15:54:50,696 [ERROR] LogOutputStream:75 - [STDERR_REDIRECT] 
2026-06-22 15:54:51,691 [ERROR] LogOutputStream:75 - [STDERR_REDIRECT] [Fatal Error] :1:1: Premature end of file.
2026-06-22 15:54:51,691 [ERROR] LogOutputStream:75 - [STDERR_REDIRECT] 
2026-06-22 15:54:52,690 [ERROR] LogOutputStream:75 - [STDERR_REDIRECT] [Fatal Error] :1:1: Premature end of file.
2026-06-22 15:54:52,690 [ERROR] LogOutputStream:75 - [STDERR_REDIRECT] 
2026-06-22 15:54:53,688 [ERROR] LogOutputStream:75 - [STDERR_REDIRECT] [Fatal Error] :1:1: Premature end of file.
2026-06-22 15:54:53,688 [ERROR] LogOutputStream:75 - [STDERR_REDIRECT] 
2026-06-22 15:54:54,685 [ERROR] LogOutputStream:75 - [STDERR_REDIRECT] [Fatal Error] :1:1: Premature end of file.
2026-06-22 15:54:54,685 [ERROR] LogOutputStream:75 - [STDERR_REDIRECT] 
2026-06-22 15:54:55,686 [ERROR] LogOutputStream:75 - [STDERR_REDIRECT] [Fatal Error] :1:1: Premature end of file.
2026-06-22 15:54:55,686 [ERROR] LogOutputStream:75 - [STDERR_REDIRECT] 
2026-06-22 15:54:56,688 [ERROR] LogOutputStream:75 - [STDERR_REDIRECT] [Fatal Error] :1:1: Premature end of file.
2026-06-22 15:54:56,688 [ERROR] LogOutputStream:75 - [STDERR_REDIRECT] 
2026-06-22 15:54:57,686 [ERROR] LogOutputStream:75 - [STDERR_REDIRECT] [Fatal Error] :1:1: Premature end of file.
2026-06-22 15:54:57,686 [ERROR] LogOutputStream:75 - [STDERR_REDIRECT] 
2026-06-22 15:54:58,686 [ERROR] LogOutputStream:75 - [STDERR_REDIRECT] [Fatal Error] :1:1: Premature end of file.
2026-06-22 15:54:58,686 [ERROR] LogOutputStream:75 - [STDERR_REDIRECT] 
2026-06-22 15:54:59,689 [ERROR] LogOutputStream:75 - [STDERR_REDIRECT] [Fatal Error] :1:1: Premature end of file.
2026-06-22 15:54:59,689 [ERROR] LogOutputStream:75 - [STDERR_REDIRECT] 
2026-06-22 15:55:00,710 [ERROR] LogOutputStream:75 - [STDERR_REDIRECT] [Fatal Error] :1:1: Premature end of file.
2026-06-22 15:55:00,711 [ERROR] LogOutputStream:75 - [STDERR_REDIRECT] 
2026-06-22 15:55:01,686 [ERROR] LogOutputStream:75 - [STDERR_REDIRECT] [Fatal Error] :1:1: Premature end of file.
2026-06-22 15:55:01,686 [ERROR] LogOutputStream:75 - [STDERR_REDIRECT] 
2026-06-22 15:55:02,685 [ERROR] LogOutputStream:75 - [STDERR_REDIRECT] [Fatal Error] :1:1: Premature end of file.
2026-06-22 15:55:02,685 [ERROR] LogOutputStream:75 - [STDERR_REDIRECT] 
2026-06-22 15:55:03,683 [ERROR] LogOutputStream:75 - [STDERR_REDIRECT] [Fatal Error] :1:1: Premature end of file.
2026-06-22 15:55:03,683 [ERROR] LogOutputStream:75 - [STDERR_REDIRECT] 
2026-06-22 15:55:04,690 [ERROR] LogOutputStream:75 - [STDERR_REDIRECT] [Fatal Error] :1:1: Premature end of file.
2026-06-22 15:55:04,690 [ERROR] LogOutputStream:75 - [STDERR_REDIRECT] 
2026-06-22 15:55:05,686 [ERROR] LogOutputStream:75 - [STDERR_REDIRECT] [Fatal Error] :1:1: Premature end of file.
2026-06-22 15:55:05,686 [ERROR] LogOutputStream:75 - [STDERR_REDIRECT] 
2026-06-22 15:55:06,711 [ERROR] LogOutputStream:75 - [STDERR_REDIRECT] [Fatal Error] :1:1: Premature end of file.
2026-06-22 15:55:06,713 [ERROR] LogOutputStream:75 - [STDERR_REDIRECT] 
2026-06-22 15:55:07,702 [ERROR] LogOutputStream:75 - [STDERR_REDIRECT] [Fatal Error] :1:1: Premature end of file.
2026-06-22 15:55:07,702 [ERROR] LogOutputStream:75 - [STDERR_REDIRECT] 
2026-06-22 15:55:08,734 [ERROR] LogOutputStream:75 - [STDERR_REDIRECT] [Fatal Error] :1:1: Premature end of file.
2026-06-22 15:55:08,736 [ERROR] LogOutputStream:75 - [STDERR_REDIRECT] 
2026-06-22 15:55:09,700 [ERROR] LogOutputStream:75 - [STDERR_REDIRECT] [Fatal Error] :1:1: Premature end of file.
2026-06-22 15:55:09,700 [ERROR] LogOutputStream:75 - [STDERR_REDIRECT] 
2026-06-22 15:55:10,706 [ERROR] LogOutputStream:75 - [STDERR_REDIRECT] [Fatal Error] :1:1: Premature end of file.
2026-06-22 15:55:10,708 [ERROR] LogOutputStream:75 - [STDERR_REDIRECT] 
2026-06-22 15:55:11,698 [ERROR] LogOutputStream:75 - [STDERR_REDIRECT] [Fatal Error] :1:1: Premature end of file.
2026-06-22 15:55:11,698 [ERROR] LogOutputStream:75 - [STDERR_REDIRECT] 
2026-06-22 15:55:12,703 [ERROR] LogOutputStream:75 - [STDERR_REDIRECT] [Fatal Error] :1:1: Premature end of file.
2026-06-22 15:55:12,703 [ERROR] LogOutputStream:75 - [STDERR_REDIRECT] 
2026-06-22 15:55:13,703 [ERROR] LogOutputStream:75 - [STDERR_REDIRECT] [Fatal Error] :1:1: Premature end of file.
2026-06-22 15:55:13,703 [ERROR] LogOutputStream:75 - [STDERR_REDIRECT] 
2026-06-22 15:55:14,713 [ERROR] LogOutputStream:75 - [STDERR_REDIRECT] [Fatal Error] :1:1: Premature end of file.
2026-06-22 15:55:14,713 [ERROR] LogOutputStream:75 - [STDERR_REDIRECT] 
2026-06-22 15:55:15,703 [ERROR] LogOutputStream:75 - [STDERR_REDIRECT] [Fatal Error] :1:1: Premature end of file.
2026-06-22 15:55:15,703 [ERROR] LogOutputStream:75 - [STDERR_REDIRECT] 
2026-06-22 15:55:16,700 [ERROR] LogOutputStream:75 - [STDERR_REDIRECT] [Fatal Error] :1:1: Premature end of file.
2026-06-22 15:55:16,700 [ERROR] LogOutputStream:75 - [STDERR_REDIRECT] 
2026-06-22 15:55:17,698 [ERROR] LogOutputStream:75 - [STDERR_REDIRECT] [Fatal Error] :1:1: Premature end of file.
2026-06-22 15:55:17,698 [ERROR] LogOutputStream:75 - [STDERR_REDIRECT] 
2026-06-22 15:55:18,711 [ERROR] LogOutputStream:75 - [STDERR_REDIRECT] [Fatal Error] :1:1: Premature end of file.
2026-06-22 15:55:18,711 [ERROR] LogOutputStream:75 - [STDERR_REDIRECT] 
2026-06-22 15:55:19,702 [ERROR] LogOutputStream:75 - [STDERR_REDIRECT] [Fatal Error] :1:1: Premature end of file.
2026-06-22 15:55:19,704 [ERROR] LogOutputStream:75 - [STDERR_REDIRECT] 
2026-06-22 15:55:20,703 [ERROR] LogOutputStream:75 - [STDERR_REDIRECT] [Fatal Error] :1:1: Premature end of file.
2026-06-22 15:55:20,705 [ERROR] LogOutputStream:75 - [STDERR_REDIRECT] 
2026-06-22 15:55:21,712 [ERROR] LogOutputStream:75 - [STDERR_REDIRECT] [Fatal Error] :1:1: Premature end of file.
2026-06-22 15:55:21,712 [ERROR] LogOutputStream:75 - [STDERR_REDIRECT] 
2026-06-22 15:55:22,694 [ERROR] LogOutputStream:75 - [STDERR_REDIRECT] [Fatal Error] :1:1: Premature end of file.
2026-06-22 15:55:22,694 [ERROR] LogOutputStream:75 - [STDERR_REDIRECT] 
2026-06-22 15:55:23,694 [ERROR] LogOutputStream:75 - [STDERR_REDIRECT] [Fatal Error] :1:1: Premature end of file.
2026-06-22 15:55:23,694 [ERROR] LogOutputStream:75 - [STDERR_REDIRECT] 
2026-06-22 15:55:24,709 [ERROR] LogOutputStream:75 - [STDERR_REDIRECT] [Fatal Error] :1:1: Premature end of file.
2026-06-22 15:55:24,709 [ERROR] LogOutputStream:75 - [STDERR_REDIRECT] 
2026-06-22 15:55:25,696 [ERROR] LogOutputStream:75 - [STDERR_REDIRECT] [Fatal Error] :1:1: Premature end of file.
2026-06-22 15:55:25,696 [ERROR] LogOutputStream:75 - [STDERR_REDIRECT] 
2026-06-22 15:55:26,705 [ERROR] LogOutputStream:75 - [STDERR_REDIRECT] [Fatal Error] :1:1: Premature end of file.
2026-06-22 15:55:26,705 [ERROR] LogOutputStream:75 - [STDERR_REDIRECT] 
2026-06-22 15:55:27,700 [ERROR] LogOutputStream:75 - [STDERR_REDIRECT] [Fatal Error] :1:1: Premature end of file.
2026-06-22 15:55:27,701 [ERROR] LogOutputStream:75 - [STDERR_REDIRECT] 
2026-06-22 15:55:28,705 [ERROR] LogOutputStream:75 - [STDERR_REDIRECT] [Fatal Error] :1:1: Premature end of file.
2026-06-22 15:55:28,707 [ERROR] LogOutputStream:75 - [STDERR_REDIRECT] 
2026-06-22 15:55:29,697 [ERROR] LogOutputStream:75 - [STDERR_REDIRECT] [Fatal Error] :1:1: Premature end of file.
2026-06-22 15:55:29,697 [ERROR] LogOutputStream:75 - [STDERR_REDIRECT] 
2026-06-22 15:55:30,701 [ERROR] LogOutputStream:75 - [STDERR_REDIRECT] [Fatal Error] :1:1: Premature end of file.
2026-06-22 15:55:30,701 [ERROR] LogOutputStream:75 - [STDERR_REDIRECT] 
2026-06-22 15:55:31,715 [ERROR] LogOutputStream:75 - [STDERR_REDIRECT] [Fatal Error] :1:1: Premature end of file.
2026-06-22 15:55:31,715 [ERROR] LogOutputStream:75 - [STDERR_REDIRECT] 
2026-06-22 15:55:32,704 [ERROR] LogOutputStream:75 - [STDERR_REDIRECT] [Fatal Error] :1:1: Premature end of file.
2026-06-22 15:55:32,704 [ERROR] LogOutputStream:75 - [STDERR_REDIRECT] 
2026-06-22 15:55:33,708 [ERROR] LogOutputStream:75 - [STDERR_REDIRECT] [Fatal Error] :1:1: Premature end of file.
2026-06-22 15:55:33,708 [ERROR] LogOutputStream:75 - [STDERR_REDIRECT] 
2026-06-22 15:55:34,709 [ERROR] LogOutputStream:75 - [STDERR_REDIRECT] [Fatal Error] :1:1: Premature end of file.
2026-06-22 15:55:34,709 [ERROR] LogOutputStream:75 - [STDERR_REDIRECT] 
2026-06-22 15:55:35,711 [ERROR] LogOutputStream:75 - [STDERR_REDIRECT] [Fatal Error] :1:1: Premature end of file.
2026-06-22 15:55:35,711 [ERROR] LogOutputStream:75 - [STDERR_REDIRECT] 
2026-06-22 15:55:36,713 [ERROR] LogOutputStream:75 - [STDERR_REDIRECT] [Fatal Error] :1:1: Premature end of file.
2026-06-22 15:55:36,713 [ERROR] LogOutputStream:75 - [STDERR_REDIRECT] 
2026-06-22 15:55:37,696 [ERROR] LogOutputStream:75 - [STDERR_REDIRECT] [Fatal Error] :1:1: Premature end of file.
2026-06-22 15:55:37,698 [ERROR] LogOutputStream:75 - [STDERR_REDIRECT] 
2026-06-22 15:55:38,714 [ERROR] LogOutputStream:75 - [STDERR_REDIRECT] [Fatal Error] :1:1: Premature end of file.
2026-06-22 15:55:38,714 [ERROR] LogOutputStream:75 - [STDERR_REDIRECT] 
2026-06-22 15:55:39,704 [ERROR] LogOutputStream:75 - [STDERR_REDIRECT] [Fatal Error] :1:1: Premature end of file.
2026-06-22 15:55:39,704 [ERROR] LogOutputStream:75 - [STDERR_REDIRECT] 
2026-06-22 15:55:40,706 [ERROR] LogOutputStream:75 - [STDERR_REDIRECT] [Fatal Error] :1:1: Premature end of file.
2026-06-22 15:55:40,708 [ERROR] LogOutputStream:75 - [STDERR_REDIRECT] 
2026-06-22 15:55:41,703 [ERROR] LogOutputStream:75 - [STDERR_REDIRECT] [Fatal Error] :1:1: Premature end of file.
2026-06-22 15:55:41,703 [ERROR] LogOutputStream:75 - [STDERR_REDIRECT] 
2026-06-22 15:55:42,706 [ERROR] LogOutputStream:75 - [STDERR_REDIRECT] [Fatal Error] :1:1: Premature end of file.
2026-06-22 15:55:42,708 [ERROR] LogOutputStream:75 - [STDERR_REDIRECT] 
2026-06-22 15:55:43,697 [ERROR] LogOutputStream:75 - [STDERR_REDIRECT] [Fatal Error] :1:1: Premature end of file.
2026-06-22 15:55:43,699 [ERROR] LogOutputStream:75 - [STDERR_REDIRECT] 
2026-06-22 15:55:44,697 [ERROR] LogOutputStream:75 - [STDERR_REDIRECT] [Fatal Error] :1:1: Premature end of file.
2026-06-22 15:55:44,697 [ERROR] LogOutputStream:75 - [STDERR_REDIRECT] 
2026-06-22 15:55:45,690 [ERROR] LogOutputStream:75 - [STDERR_REDIRECT] [Fatal Error] :1:1: Premature end of file.
2026-06-22 15:55:45,690 [ERROR] LogOutputStream:75 - [STDERR_REDIRECT] 
2026-06-22 15:55:46,688 [ERROR] LogOutputStream:75 - [STDERR_REDIRECT] [Fatal Error] :1:1: Premature end of file.
2026-06-22 15:55:46,688 [ERROR] LogOutputStream:75 - [STDERR_REDIRECT] 
2026-06-22 15:55:47,685 [ERROR] LogOutputStream:75 - [STDERR_REDIRECT] [Fatal Error] :1:1: Premature end of file.
2026-06-22 15:55:47,685 [ERROR] LogOutputStream:75 - [STDERR_REDIRECT] 
2026-06-22 15:55:48,687 [ERROR] LogOutputStream:75 - [STDERR_REDIRECT] [Fatal Error] :1:1: Premature end of file.
2026-06-22 15:55:48,687 [ERROR] LogOutputStream:75 - [STDERR_REDIRECT] 
2026-06-22 15:55:49,685 [ERROR] LogOutputStream:75 - [STDERR_REDIRECT] [Fatal Error] :1:1: Premature end of file.
2026-06-22 15:55:49,685 [ERROR] LogOutputStream:75 - [STDERR_REDIRECT] 
2026-06-22 15:55:50,688 [ERROR] LogOutputStream:75 - [STDERR_REDIRECT] [Fatal Error] :1:1: Premature end of file.
2026-06-22 15:55:50,688 [ERROR] LogOutputStream:75 - [STDERR_REDIRECT] 
2026-06-22 15:55:51,686 [ERROR] LogOutputStream:75 - [STDERR_REDIRECT] [Fatal Error] :1:1: Premature end of file.
2026-06-22 15:55:51,686 [ERROR] LogOutputStream:75 - [STDERR_REDIRECT] 
2026-06-22 15:55:52,683 [ERROR] LogOutputStream:75 - [STDERR_REDIRECT] [Fatal Error] :1:1: Premature end of file.
2026-06-22 15:55:52,683 [ERROR] LogOutputStream:75 - [STDERR_REDIRECT] 
2026-06-22 15:55:53,690 [ERROR] LogOutputStream:75 - [STDERR_REDIRECT] [Fatal Error] :1:1: Premature end of file.
2026-06-22 15:55:53,690 [ERROR] LogOutputStream:75 - [STDERR_REDIRECT] 
2026-06-22 15:55:54,690 [ERROR] LogOutputStream:75 - [STDERR_REDIRECT] [Fatal Error] :1:1: Premature end of file.
2026-06-22 15:55:54,690 [ERROR] LogOutputStream:75 - [STDERR_REDIRECT] 
2026-06-22 15:55:55,684 [ERROR] LogOutputStream:75 - [STDERR_REDIRECT] [Fatal Error] :1:1: Premature end of file.
2026-06-22 15:55:55,685 [ERROR] LogOutputStream:75 - [STDERR_REDIRECT] 
2026-06-22 15:55:56,686 [ERROR] LogOutputStream:75 - [STDERR_REDIRECT] [Fatal Error] :1:1: Premature end of file.
2026-06-22 15:55:56,686 [ERROR] LogOutputStream:75 - [STDERR_REDIRECT] 
2026-06-22 15:55:57,687 [ERROR] LogOutputStream:75 - [STDERR_REDIRECT] [Fatal Error] :1:1: Premature end of file.
2026-06-22 15:55:57,688 [ERROR] LogOutputStream:75 - [STDERR_REDIRECT] 
2026-06-22 15:55:58,684 [ERROR] LogOutputStream:75 - [STDERR_REDIRECT] [Fatal Error] :1:1: Premature end of file.
2026-06-22 15:55:58,684 [ERROR] LogOutputStream:75 - [STDERR_REDIRECT] 
2026-06-22 15:55:59,685 [ERROR] LogOutputStream:75 - [STDERR_REDIRECT] [Fatal Error] :1:1: Premature end of file.
2026-06-22 15:55:59,685 [ERROR] LogOutputStream:75 - [STDERR_REDIRECT] 
2026-06-22 15:56:00,685 [ERROR] LogOutputStream:75 - [STDERR_REDIRECT] [Fatal Error] :1:1: Premature end of file.
2026-06-22 15:56:00,685 [ERROR] LogOutputStream:75 - [STDERR_REDIRECT] 
2026-06-22 15:56:01,685 [ERROR] LogOutputStream:75 - [STDERR_REDIRECT] [Fatal Error] :1:1: Premature end of file.
2026-06-22 15:56:01,685 [ERROR] LogOutputStream:75 - [STDERR_REDIRECT] 
2026-06-22 15:56:02,684 [ERROR] LogOutputStream:75 - [STDERR_REDIRECT] [Fatal Error] :1:1: Premature end of file.
2026-06-22 15:56:02,685 [ERROR] LogOutputStream:75 - [STDERR_REDIRECT] 
2026-06-22 15:56:03,686 [ERROR] LogOutputStream:75 - [STDERR_REDIRECT] [Fatal Error] :1:1: Premature end of file.
2026-06-22 15:56:03,686 [ERROR] LogOutputStream:75 - [STDERR_REDIRECT] 
2026-06-22 15:56:04,687 [ERROR] LogOutputStream:75 - [STDERR_REDIRECT] [Fatal Error] :1:1: Premature end of file.
2026-06-22 15:56:04,687 [ERROR] LogOutputStream:75 - [STDERR_REDIRECT] 
2026-06-22 15:56:05,687 [ERROR] LogOutputStream:75 - [STDERR_REDIRECT] [Fatal Error] :1:1: Premature end of file.
2026-06-22 15:56:05,687 [ERROR] LogOutputStream:75 - [STDERR_REDIRECT] 
2026-06-22 15:56:06,685 [ERROR] LogOutputStream:75 - [STDERR_REDIRECT] [Fatal Error] :1:1: Premature end of file.
2026-06-22 15:56:06,685 [ERROR] LogOutputStream:75 - [STDERR_REDIRECT] 
2026-06-22 15:56:07,684 [ERROR] LogOutputStream:75 - [STDERR_REDIRECT] [Fatal Error] :1:1: Premature end of file.
2026-06-22 15:56:07,684 [ERROR] LogOutputStream:75 - [STDERR_REDIRECT] 
2026-06-22 15:56:08,687 [ERROR] LogOutputStream:75 - [STDERR_REDIRECT] [Fatal Error] :1:1: Premature end of file.
2026-06-22 15:56:08,687 [ERROR] LogOutputStream:75 - [STDERR_REDIRECT] 
2026-06-22 15:56:09,690 [ERROR] LogOutputStream:75 - [STDERR_REDIRECT] [Fatal Error] :1:1: Premature end of file.
2026-06-22 15:56:09,690 [ERROR] LogOutputStream:75 - [STDERR_REDIRECT] 
2026-06-22 15:56:10,695 [ERROR] LogOutputStream:75 - [STDERR_REDIRECT] [Fatal Error] :1:1: Premature end of file.
2026-06-22 15:56:10,695 [ERROR] LogOutputStream:75 - [STDERR_REDIRECT] 
2026-06-22 15:56:11,682 [ERROR] LogOutputStream:75 - [STDERR_REDIRECT] [Fatal Error] :1:1: Premature end of file.
2026-06-22 15:56:11,683 [ERROR] LogOutputStream:75 - [STDERR_REDIRECT] 
2026-06-22 15:56:12,685 [ERROR] LogOutputStream:75 - [STDERR_REDIRECT] [Fatal Error] :1:1: Premature end of file.
2026-06-22 15:56:12,685 [ERROR] LogOutputStream:75 - [STDERR_REDIRECT] 
2026-06-22 15:56:13,683 [ERROR] LogOutputStream:75 - [STDERR_REDIRECT] [Fatal Error] :1:1: Premature end of file.
2026-06-22 15:56:13,683 [ERROR] LogOutputStream:75 - [STDERR_REDIRECT] 
2026-06-22 15:56:14,684 [ERROR] LogOutputStream:75 - [STDERR_REDIRECT] [Fatal Error] :1:1: Premature end of file.
2026-06-22 15:56:14,685 [ERROR] LogOutputStream:75 - [STDERR_REDIRECT] 
2026-06-22 15:56:15,684 [ERROR] LogOutputStream:75 - [STDERR_REDIRECT] [Fatal Error] :1:1: Premature end of file.
2026-06-22 15:56:15,684 [ERROR] LogOutputStream:75 - [STDERR_REDIRECT] 
2026-06-22 15:56:16,682 [ERROR] LogOutputStream:75 - [STDERR_REDIRECT] [Fatal Error] :1:1: Premature end of file.
2026-06-22 15:56:16,683 [ERROR] LogOutputStream:75 - [STDERR_REDIRECT] 
2026-06-22 15:56:17,687 [ERROR] LogOutputStream:75 - [STDERR_REDIRECT] [Fatal Error] :1:1: Premature end of file.
2026-06-22 15:56:17,687 [ERROR] LogOutputStream:75 - [STDERR_REDIRECT] 
2026-06-22 15:56:18,685 [ERROR] LogOutputStream:75 - [STDERR_REDIRECT] [Fatal Error] :1:1: Premature end of file.
2026-06-22 15:56:18,685 [ERROR] LogOutputStream:75 - [STDERR_REDIRECT] 
2026-06-22 15:56:19,692 [ERROR] LogOutputStream:75 - [STDERR_REDIRECT] [Fatal Error] :1:1: Premature end of file.
2026-06-22 15:56:19,693 [ERROR] LogOutputStream:75 - [STDERR_REDIRECT] 
2026-06-22 15:56:20,690 [ERROR] LogOutputStream:75 - [STDERR_REDIRECT] [Fatal Error] :1:1: Premature end of file.
2026-06-22 15:56:20,690 [ERROR] LogOutputStream:75 - [STDERR_REDIRECT] 
2026-06-22 15:56:21,686 [ERROR] LogOutputStream:75 - [STDERR_REDIRECT] [Fatal Error] :1:1: Premature end of file.
2026-06-22 15:56:21,686 [ERROR] LogOutputStream:75 - [STDERR_REDIRECT] 
2026-06-22 15:56:22,688 [ERROR] LogOutputStream:75 - [STDERR_REDIRECT] [Fatal Error] :1:1: Premature end of file.
2026-06-22 15:56:22,688 [ERROR] LogOutputStream:75 - [STDERR_REDIRECT] 
2026-06-22 15:56:23,687 [ERROR] LogOutputStream:75 - [STDERR_REDIRECT] [Fatal Error] :1:1: Premature end of file.
2026-06-22 15:56:23,687 [ERROR] LogOutputStream:75 - [STDERR_REDIRECT] 
2026-06-22 15:56:24,685 [ERROR] LogOutputStream:75 - [STDERR_REDIRECT] [Fatal Error] :1:1: Premature end of file.
2026-06-22 15:56:24,685 [ERROR] LogOutputStream:75 - [STDERR_REDIRECT] 
2026-06-22 15:56:25,684 [ERROR] LogOutputStream:75 - [STDERR_REDIRECT] [Fatal Error] :1:1: Premature end of file.
2026-06-22 15:56:25,685 [ERROR] LogOutputStream:75 - [STDERR_REDIRECT] 
2026-06-22 15:56:26,685 [ERROR] LogOutputStream:75 - [STDERR_REDIRECT] [Fatal Error] :1:1: Premature end of file.
2026-06-22 15:56:26,685 [ERROR] LogOutputStream:75 - [STDERR_REDIRECT] 
2026-06-22 15:56:27,683 [ERROR] LogOutputStream:75 - [STDERR_REDIRECT] [Fatal Error] :1:1: Premature end of file.
2026-06-22 15:56:27,683 [ERROR] LogOutputStream:75 - [STDERR_REDIRECT] 
2026-06-22 15:56:28,700 [ERROR] LogOutputStream:75 - [STDERR_REDIRECT] [Fatal Error] :1:1: Premature end of file.
2026-06-22 15:56:28,700 [ERROR] LogOutputStream:75 - [STDERR_REDIRECT] 
2026-06-22 15:56:29,684 [ERROR] LogOutputStream:75 - [STDERR_REDIRECT] [Fatal Error] :1:1: Premature end of file.
2026-06-22 15:56:29,684 [ERROR] LogOutputStream:75 - [STDERR_REDIRECT] 
2026-06-22 15:56:30,686 [ERROR] LogOutputStream:75 - [STDERR_REDIRECT] [Fatal Error] :1:1: Premature end of file.
2026-06-22 15:56:30,687 [ERROR] LogOutputStream:75 - [STDERR_REDIRECT] 
2026-06-22 15:56:31,683 [ERROR] LogOutputStream:75 - [STDERR_REDIRECT] [Fatal Error] :1:1: Premature end of file.
2026-06-22 15:56:31,683 [ERROR] LogOutputStream:75 - [STDERR_REDIRECT] 
2026-06-22 15:56:32,688 [ERROR] LogOutputStream:75 - [STDERR_REDIRECT] [Fatal Error] :1:1: Premature end of file.
2026-06-22 15:56:32,688 [ERROR] LogOutputStream:75 - [STDERR_REDIRECT] 
2026-06-22 15:56:33,685 [ERROR] LogOutputStream:75 - [STDERR_REDIRECT] [Fatal Error] :1:1: Premature end of file.
2026-06-22 15:56:33,685 [ERROR] LogOutputStream:75 - [STDERR_REDIRECT] 
2026-06-22 15:56:34,685 [ERROR] LogOutputStream:75 - [STDERR_REDIRECT] [Fatal Error] :1:1: Premature end of file.
2026-06-22 15:56:34,685 [ERROR] LogOutputStream:75 - [STDERR_REDIRECT] 
2026-06-22 15:56:35,686 [ERROR] LogOutputStream:75 - [STDERR_REDIRECT] [Fatal Error] :1:1: Premature end of file.
2026-06-22 15:56:35,686 [ERROR] LogOutputStream:75 - [STDERR_REDIRECT] 
2026-06-22 15:56:36,691 [ERROR] LogOutputStream:75 - [STDERR_REDIRECT] [Fatal Error] :1:1: Premature end of file.
2026-06-22 15:56:36,691 [ERROR] LogOutputStream:75 - [STDERR_REDIRECT] 
2026-06-22 15:56:37,685 [ERROR] LogOutputStream:75 - [STDERR_REDIRECT] [Fatal Error] :1:1: Premature end of file.
2026-06-22 15:56:37,685 [ERROR] LogOutputStream:75 - [STDERR_REDIRECT] 
2026-06-22 15:56:38,684 [ERROR] LogOutputStream:75 - [STDERR_REDIRECT] [Fatal Error] :1:1: Premature end of file.
2026-06-22 15:56:38,684 [ERROR] LogOutputStream:75 - [STDERR_REDIRECT] 
2026-06-22 15:56:39,685 [ERROR] LogOutputStream:75 - [STDERR_REDIRECT] [Fatal Error] :1:1: Premature end of file.
2026-06-22 15:56:39,685 [ERROR] LogOutputStream:75 - [STDERR_REDIRECT] 
2026-06-22 15:56:40,689 [ERROR] LogOutputStream:75 - [STDERR_REDIRECT] [Fatal Error] :1:1: Premature end of file.
2026-06-22 15:56:40,689 [ERROR] LogOutputStream:75 - [STDERR_REDIRECT] 
2026-06-22 15:56:41,683 [ERROR] LogOutputStream:75 - [STDERR_REDIRECT] [Fatal Error] :1:1: Premature end of file.
2026-06-22 15:56:41,683 [ERROR] LogOutputStream:75 - [STDERR_REDIRECT] 
2026-06-22 15:56:42,683 [ERROR] LogOutputStream:75 - [STDERR_REDIRECT] [Fatal Error] :1:1: Premature end of file.
2026-06-22 15:56:42,683 [ERROR] LogOutputStream:75 - [STDERR_REDIRECT] 
2026-06-22 15:56:43,684 [ERROR] LogOutputStream:75 - [STDERR_REDIRECT] [Fatal Error] :1:1: Premature end of file.
2026-06-22 15:56:43,684 [ERROR] LogOutputStream:75 - [STDERR_REDIRECT] 
2026-06-22 15:56:44,685 [ERROR] LogOutputStream:75 - [STDERR_REDIRECT] [Fatal Error] :1:1: Premature end of file.
2026-06-22 15:56:44,686 [ERROR] LogOutputStream:75 - [STDERR_REDIRECT] 
2026-06-22 15:56:45,684 [ERROR] LogOutputStream:75 - [STDERR_REDIRECT] [Fatal Error] :1:1: Premature end of file.
2026-06-22 15:56:45,684 [ERROR] LogOutputStream:75 - [STDERR_REDIRECT] 
2026-06-22 15:56:46,689 [ERROR] LogOutputStream:75 - [STDERR_REDIRECT] [Fatal Error] :1:1: Premature end of file.
2026-06-22 15:56:46,689 [ERROR] LogOutputStream:75 - [STDERR_REDIRECT] 
2026-06-22 15:56:47,688 [ERROR] LogOutputStream:75 - [STDERR_REDIRECT] [Fatal Error] :1:1: Premature end of file.
2026-06-22 15:56:47,689 [ERROR] LogOutputStream:75 - [STDERR_REDIRECT] 
2026-06-22 15:56:48,685 [ERROR] LogOutputStream:75 - [STDERR_REDIRECT] [Fatal Error] :1:1: Premature end of file.
2026-06-22 15:56:48,685 [ERROR] LogOutputStream:75 - [STDERR_REDIRECT] 
2026-06-22 15:56:49,686 [ERROR] LogOutputStream:75 - [STDERR_REDIRECT] [Fatal Error] :1:1: Premature end of file.
2026-06-22 15:56:49,686 [ERROR] LogOutputStream:75 - [STDERR_REDIRECT] 
2026-06-22 15:56:50,686 [ERROR] LogOutputStream:75 - [STDERR_REDIRECT] [Fatal Error] :1:1: Premature end of file.
2026-06-22 15:56:50,686 [ERROR] LogOutputStream:75 - [STDERR_REDIRECT] 
2026-06-22 15:56:51,689 [ERROR] LogOutputStream:75 - [STDERR_REDIRECT] [Fatal Error] :1:1: Premature end of file.
2026-06-22 15:56:51,689 [ERROR] LogOutputStream:75 - [STDERR_REDIRECT] 
2026-06-22 15:56:52,685 [ERROR] LogOutputStream:75 - [STDERR_REDIRECT] [Fatal Error] :1:1: Premature end of file.
2026-06-22 15:56:52,685 [ERROR] LogOutputStream:75 - [STDERR_REDIRECT] 
2026-06-22 15:56:53,684 [ERROR] LogOutputStream:75 - [STDERR_REDIRECT] [Fatal Error] :1:1: Premature end of file.
2026-06-22 15:56:53,684 [ERROR] LogOutputStream:75 - [STDERR_REDIRECT] 
2026-06-22 15:56:54,685 [ERROR] LogOutputStream:75 - [STDERR_REDIRECT] [Fatal Error] :1:1: Premature end of file.
2026-06-22 15:56:54,686 [ERROR] LogOutputStream:75 - [STDERR_REDIRECT] 
2026-06-22 15:56:55,688 [ERROR] LogOutputStream:75 - [STDERR_REDIRECT] [Fatal Error] :1:1: Premature end of file.
2026-06-22 15:56:55,688 [ERROR] LogOutputStream:75 - [STDERR_REDIRECT] 
2026-06-22 15:56:56,683 [ERROR] LogOutputStream:75 - [STDERR_REDIRECT] [Fatal Error] :1:1: Premature end of file.
2026-06-22 15:56:56,683 [ERROR] LogOutputStream:75 - [STDERR_REDIRECT] 
2026-06-22 15:56:57,686 [ERROR] LogOutputStream:75 - [STDERR_REDIRECT] [Fatal Error] :1:1: Premature end of file.
2026-06-22 15:56:57,686 [ERROR] LogOutputStream:75 - [STDERR_REDIRECT] 
2026-06-22 15:56:58,683 [ERROR] LogOutputStream:75 - [STDERR_REDIRECT] [Fatal Error] :1:1: Premature end of file.
2026-06-22 15:56:58,683 [ERROR] LogOutputStream:75 - [STDERR_REDIRECT] 
2026-06-22 15:56:59,688 [ERROR] LogOutputStream:75 - [STDERR_REDIRECT] [Fatal Error] :1:1: Premature end of file.
2026-06-22 15:56:59,688 [ERROR] LogOutputStream:75 - [STDERR_REDIRECT] 
2026-06-22 15:57:00,684 [ERROR] LogOutputStream:75 - [STDERR_REDIRECT] [Fatal Error] :1:1: Premature end of file.
2026-06-22 15:57:00,684 [ERROR] LogOutputStream:75 - [STDERR_REDIRECT] 
2026-06-22 15:57:01,686 [ERROR] LogOutputStream:75 - [STDERR_REDIRECT] [Fatal Error] :1:1: Premature end of file.
2026-06-22 15:57:01,686 [ERROR] LogOutputStream:75 - [STDERR_REDIRECT] 
2026-06-22 15:57:02,683 [ERROR] LogOutputStream:75 - [STDERR_REDIRECT] [Fatal Error] :1:1: Premature end of file.
2026-06-22 15:57:02,683 [ERROR] LogOutputStream:75 - [STDERR_REDIRECT] 
2026-06-22 15:57:03,685 [ERROR] LogOutputStream:75 - [STDERR_REDIRECT] [Fatal Error] :1:1: Premature end of file.
2026-06-22 15:57:03,685 [ERROR] LogOutputStream:75 - [STDERR_REDIRECT] 
2026-06-22 15:57:04,685 [ERROR] LogOutputStream:75 - [STDERR_REDIRECT] [Fatal Error] :1:1: Premature end of file.
2026-06-22 15:57:04,685 [ERROR] LogOutputStream:75 - [STDERR_REDIRECT] 
2026-06-22 15:57:05,318 [ERROR] LogOutputStream:75 - [STDERR_REDIRECT] 
2026-06-22 15:57:05,319 [ERROR] LogOutputStream:75 - [STDERR_REDIRECT] 
2026-06-22 16:01:29,731 [INFO] Activator:176 - 


2026-06-22 16:01:29,734 [INFO] Activator:177 - !SESSION log4j initialized
2026-06-22 16:01:32,168 [INFO] LogOutputStream:77 - [STDOUT_REDIRECT] 
2026-06-22 16:01:33,605 [INFO] ApplicationProperties:184 - Using Application install path: C:\ST\STM32CubeIDE_1.19.0\STM32CubeIDE\plugins\com.st.stm32cube.common.mx_6.15.0.202507011659
2026-06-22 16:01:33,619 [INFO] DbMcusXml:78 - Set database path to: C:\ST\STM32CubeIDE_1.19.0\STM32CubeIDE\plugins\com.st.stm32cube.common.mx_6.15.0.202507011659\\db\/mcu/
2026-06-22 16:01:33,619 [INFO] ApiDb:274 - Set plugin database path to: C:\ST\STM32CubeIDE_1.19.0\STM32CubeIDE\plugins\com.st.stm32cube.common.mx_6.15.0.202507011659\\db\/plugins/boardmanager/
2026-06-22 16:01:33,619 [WARN] ApiDb:259 - Overriding images path with different value:  => C:\ST\STM32CubeIDE_1.19.0\STM32CubeIDE\plugins\com.st.stm32cube.common.mx_6.15.0.202507011659\\db\/plugins/mcufinder/images/
2026-06-22 16:01:33,624 [INFO] ApiDb:250 - Set database path to: C:\Users\razab\.stmcufinder\plugins\mcufinder//mcu/
2026-06-22 16:01:33,625 [INFO] DbMcusAds:125 - Set database path to: C:\Users\razab\.stmcufinder\plugins\mcufinder//mcu/
2026-06-22 16:01:33,627 [INFO] CrossReferenceDbSqlite:203 - Set database path to: C:\Users\razab\.stmcufinder\plugins\mcufinder//mcu/cs/
2026-06-22 16:01:33,722 [INFO] RulesReader:64 - Compatibility file has been processed (317 Rules)
2026-06-22 16:01:33,792 [INFO] DbMcusXml:78 - Set database path to: C:\ST\STM32CubeIDE_1.19.0\STM32CubeIDE\plugins\com.st.stm32cube.common.mx_6.15.0.202507011659\\db\/mcu/
2026-06-22 16:01:33,792 [INFO] ApiDb:274 - Set plugin database path to: C:\ST\STM32CubeIDE_1.19.0\STM32CubeIDE\plugins\com.st.stm32cube.common.mx_6.15.0.202507011659\\db\/plugins/boardmanager/
2026-06-22 16:01:33,793 [INFO] ApiDb:261 - Set plugin images path to: C:\ST\STM32CubeIDE_1.19.0\STM32CubeIDE\plugins\com.st.stm32cube.common.mx_6.15.0.202507011659\\db\/plugins/mcufinder/images/
2026-06-22 16:01:33,793 [WARN] DbFile:41 - Overriding database path with different value: C:\Users\razab\.stmcufinder\plugins\mcufinder/ => C:\Users\razab\.stmcufinder\plugins\mcufinder
2026-06-22 16:01:33,793 [INFO] ApiDb:250 - Set database path to: C:\Users\razab\.stmcufinder\plugins\mcufinder//mcu/
2026-06-22 16:01:33,793 [WARN] DbFile:41 - Overriding database path with different value: C:\Users\razab\.stmcufinder\plugins\mcufinder/ => C:\Users\razab\.stmcufinder\plugins\mcufinder
2026-06-22 16:01:33,793 [INFO] DbMcusAds:125 - Set database path to: C:\Users\razab\.stmcufinder\plugins\mcufinder//mcu/
2026-06-22 16:01:33,793 [WARN] DbFile:41 - Overriding database path with different value: C:\Users\razab\.stmcufinder\plugins\mcufinder/ => C:\Users\razab\.stmcufinder\plugins\mcufinder
2026-06-22 16:01:33,793 [WARN] DbFile:41 - Overriding database path with different value: C:\Users\razab\.stmcufinder\plugins\mcufinder/ => C:\Users\razab\.stmcufinder\plugins\mcufinder
2026-06-22 16:01:33,793 [INFO] CrossReferenceDbSqlite:203 - Set database path to: C:\Users\razab\.stmcufinder\plugins\mcufinder//mcu/cs/
2026-06-22 16:01:33,856 [INFO] MainPanel:274 - HeapMemory: 268435456
2026-06-22 16:01:33,928 [INFO] DbMcusXml:78 - Set database path to: C:\ST\STM32CubeIDE_1.19.0\STM32CubeIDE\plugins\com.st.stm32cube.common.mx_6.15.0.202507011659\\db\/mcu/
2026-06-22 16:01:33,928 [INFO] ApiDb:274 - Set plugin database path to: C:\ST\STM32CubeIDE_1.19.0\STM32CubeIDE\plugins\com.st.stm32cube.common.mx_6.15.0.202507011659\\db\/plugins/boardmanager/
2026-06-22 16:01:33,928 [INFO] ApiDb:261 - Set plugin images path to: C:\ST\STM32CubeIDE_1.19.0\STM32CubeIDE\plugins\com.st.stm32cube.common.mx_6.15.0.202507011659\\db\/plugins/mcufinder/images/
2026-06-22 16:01:33,929 [WARN] DbFile:41 - Overriding database path with different value: C:\Users\razab\.stmcufinder\plugins\mcufinder/ => C:\Users\razab\.stmcufinder\plugins\mcufinder
2026-06-22 16:01:33,929 [INFO] ApiDb:250 - Set database path to: C:\Users\razab\.stmcufinder\plugins\mcufinder//mcu/
2026-06-22 16:01:33,929 [WARN] DbFile:41 - Overriding database path with different value: C:\Users\razab\.stmcufinder\plugins\mcufinder/ => C:\Users\razab\.stmcufinder\plugins\mcufinder
2026-06-22 16:01:33,929 [INFO] DbMcusAds:125 - Set database path to: C:\Users\razab\.stmcufinder\plugins\mcufinder//mcu/
2026-06-22 16:01:33,929 [WARN] DbFile:41 - Overriding database path with different value: C:\Users\razab\.stmcufinder\plugins\mcufinder/ => C:\Users\razab\.stmcufinder\plugins\mcufinder
2026-06-22 16:01:33,929 [WARN] DbFile:41 - Overriding database path with different value: C:\Users\razab\.stmcufinder\plugins\mcufinder/ => C:\Users\razab\.stmcufinder\plugins\mcufinder
2026-06-22 16:01:33,930 [INFO] CrossReferenceDbSqlite:203 - Set database path to: C:\Users\razab\.stmcufinder\plugins\mcufinder//mcu/cs/
2026-06-22 16:01:33,948 [INFO] ApplicationProperties:184 - Using Application install path: C:\ST\STM32CubeIDE_1.19.0\STM32CubeIDE\plugins\com.st.stm32cube.common.mx_6.15.0.202507011659
2026-06-22 16:01:33,950 [INFO] PluginManage:196 - Search for loadable plugins [exclusion list=, ]
2026-06-22 16:01:33,951 [INFO] PluginManage:310 - Check plugin analytics
2026-06-22 16:01:34,136 [INFO] AnalyticsPlugin:253 - Accepted Software Licenses: 
2026-06-22 16:01:34,136 [INFO] AnalyticsPlugin:255 - Accepted CMSIS Pack Licenses: 
2026-06-22 16:01:34,137 [INFO] AnalyticsPlugin:257 - Accepted Firmware Licenses: FW.L4.1.18.0
2026-06-22 16:01:34,141 [INFO] PluginManage:359 - Loaded plugin analytics (category:tool,tabindex:-1)
2026-06-22 16:01:34,142 [INFO] PluginManage:310 - Check plugin cadmodel
2026-06-22 16:01:34,147 [INFO] CADModel:105 - Init CAD model plugin
2026-06-22 16:01:34,147 [INFO] PluginManage:359 - Loaded plugin cadmodel (category:power,tabindex:5)
2026-06-22 16:01:34,148 [INFO] PluginManage:310 - Check plugin clock
2026-06-22 16:01:34,159 [INFO] PluginManage:359 - Loaded plugin clock (category:base,tabindex:2)
2026-06-22 16:01:34,159 [INFO] PluginManage:310 - Check plugin ddr
2026-06-22 16:01:34,161 [INFO] PluginManage:359 - Loaded plugin ddr (category:tool,tabindex:6)
2026-06-22 16:01:34,161 [INFO] PluginManage:310 - Check plugin filemanager
2026-06-22 16:01:34,331 [INFO] PluginManage:359 - Loaded plugin filemanager (category:base,tabindex:10)
2026-06-22 16:01:34,331 [INFO] PluginManage:310 - Check plugin ipmanager
2026-06-22 16:01:34,337 [INFO] PluginManage:359 - Loaded plugin ipmanager (category:base,tabindex:5)
2026-06-22 16:01:34,337 [INFO] PluginManage:310 - Check plugin lpbam
2026-06-22 16:01:34,344 [INFO] PluginManage:359 - Loaded plugin lpbam (category:base,tabindex:0)
2026-06-22 16:01:34,344 [INFO] PluginManage:310 - Check plugin memorymap
2026-06-22 16:01:34,354 [INFO] PluginManage:359 - Loaded plugin memorymap (category:base,tabindex:4)
2026-06-22 16:01:34,354 [INFO] PluginManage:310 - Check plugin pinoutandconfiguration
2026-06-22 16:01:34,360 [INFO] PluginManage:359 - Loaded plugin pinoutandconfiguration (category:base,tabindex:1)
2026-06-22 16:01:34,360 [INFO] PluginManage:310 - Check plugin pinoutconfig
2026-06-22 16:01:34,457 [WARN] SupportedApi:132 - Cannot load RTOS API schema: s4s-elt-must-match.1: The content of 'definitions' must match (annotation?, (simpleType | complexType)?, (unique | key | keyref)*)). A problem was found starting at: attribute.
2026-06-22 16:01:34,566 [INFO] PluginManage:359 - Loaded plugin pinoutconfig (category:base,tabindex:0)
2026-06-22 16:01:34,566 [INFO] PluginManage:310 - Check plugin power
2026-06-22 16:01:34,572 [INFO] PluginManage:359 - Loaded plugin power (category:power,tabindex:4)
2026-06-22 16:01:34,572 [INFO] PluginManage:310 - Check plugin projectmanager
2026-06-22 16:01:34,588 [INFO] PluginManage:359 - Loaded plugin projectmanager (category:projectmanager,tabindex:4)
2026-06-22 16:01:34,588 [INFO] PluginManage:310 - Check plugin rif
2026-06-22 16:01:34,596 [INFO] PluginManage:359 - Loaded plugin rif (category:base,tabindex:3)
2026-06-22 16:01:34,596 [INFO] PluginManage:310 - Check plugin thirdparty
2026-06-22 16:01:34,726 [INFO] PluginManage:359 - Loaded plugin thirdparty (category:base,tabindex:-1)
2026-06-22 16:01:34,726 [INFO] PluginManage:310 - Check plugin tools
2026-06-22 16:01:34,726 [WARN] IntegrityCheckThread:84 - waiting for thirdparty lock release [integrity check]
2026-06-22 16:01:34,727 [INFO] IntegrityCheckThread:86 - entering critical section [integrity check]
2026-06-22 16:01:34,727 [INFO] ThirdPartyUpdaterWithRetryManager:70 - Updater plugin not ready yet. [1/15]
2026-06-22 16:01:34,728 [INFO] PluginManage:359 - Loaded plugin tools (category:base,tabindex:7)
2026-06-22 16:01:34,729 [INFO] PluginManage:310 - Check plugin tutovideos
2026-06-22 16:01:34,866 [INFO] PluginManage:359 - Loaded plugin tutovideos (category:base,tabindex:-1)
2026-06-22 16:01:34,866 [INFO] PluginManage:310 - Check plugin updater
2026-06-22 16:01:34,885 [INFO] PluginManage:359 - Loaded plugin updater (category:base,tabindex:12)
2026-06-22 16:01:34,885 [INFO] PluginManage:310 - Check plugin userauth
2026-06-22 16:01:34,888 [INFO] UserAuth:118 - Init User Auth plugin
2026-06-22 16:01:34,888 [INFO] PluginManage:359 - Loaded plugin userauth (category:base,tabindex:14)
2026-06-22 16:01:34,889 [INFO] PluginManage:283 - PluginManage : Loaded plugins [18]
2026-06-22 16:01:35,067 [INFO] PinOutPanel:1589 - setPackage(No Configuration,No Configuration)
2026-06-22 16:01:35,157 [INFO] CADModel:165 - CPN selected for project level
2026-06-22 16:01:35,157 [INFO] CADModel:114 - Register for checkConnection events
2026-06-22 16:01:35,177 [INFO] IPUIPlugin:80 - create IPUIPlugin
2026-06-22 16:01:35,177 [INFO] PluginManager:220 - loadIPPluginJar : add adc
2026-06-22 16:01:35,181 [INFO] IPUIPlugin:80 - create IPUIPlugin
2026-06-22 16:01:35,181 [INFO] PluginManager:220 - loadIPPluginJar : add aes
2026-06-22 16:01:35,184 [INFO] IPUIPlugin:80 - create IPUIPlugin
2026-06-22 16:01:35,184 [INFO] PluginManager:220 - loadIPPluginJar : add can
2026-06-22 16:01:35,186 [INFO] IPUIPlugin:80 - create IPUIPlugin
2026-06-22 16:01:35,186 [INFO] PluginManager:220 - loadIPPluginJar : add comp
2026-06-22 16:01:35,188 [INFO] IPUIPlugin:80 - create IPUIPlugin
2026-06-22 16:01:35,188 [INFO] PluginManager:220 - loadIPPluginJar : add cryp
2026-06-22 16:01:35,190 [INFO] IPUIPlugin:80 - create IPUIPlugin
2026-06-22 16:01:35,190 [INFO] PluginManager:220 - loadIPPluginJar : add ddr_ctrl_phy
2026-06-22 16:01:35,191 [INFO] IPUIPlugin:80 - create IPUIPlugin
2026-06-22 16:01:35,191 [INFO] PluginManager:220 - loadIPPluginJar : add dfsdm
2026-06-22 16:01:35,195 [INFO] IPUIPlugin:80 - create IPUIPlugin
2026-06-22 16:01:35,196 [INFO] PluginManager:220 - loadIPPluginJar : add dma
2026-06-22 16:01:35,197 [INFO] IPUIPlugin:80 - create IPUIPlugin
2026-06-22 16:01:35,197 [INFO] PluginManager:220 - loadIPPluginJar : add dma3
2026-06-22 16:01:35,199 [INFO] IPUIPlugin:80 - create IPUIPlugin
2026-06-22 16:01:35,199 [INFO] PluginManager:220 - loadIPPluginJar : add extmemmanager
2026-06-22 16:01:35,201 [INFO] IPUIPlugin:80 - create IPUIPlugin
2026-06-22 16:01:35,201 [INFO] PluginManager:220 - loadIPPluginJar : add fatfs
2026-06-22 16:01:35,204 [INFO] IPUIPlugin:80 - create IPUIPlugin
2026-06-22 16:01:35,204 [INFO] PluginManager:220 - loadIPPluginJar : add fmc
2026-06-22 16:01:35,207 [INFO] IPUIPlugin:80 - create IPUIPlugin
2026-06-22 16:01:35,207 [INFO] PluginManager:220 - loadIPPluginJar : add freertos
2026-06-22 16:01:35,208 [INFO] IPUIPlugin:80 - create IPUIPlugin
2026-06-22 16:01:35,208 [INFO] PluginManager:220 - loadIPPluginJar : add genericplugin
2026-06-22 16:01:35,211 [INFO] IPUIPlugin:80 - create IPUIPlugin
2026-06-22 16:01:35,211 [INFO] PluginManager:220 - loadIPPluginJar : add gfxmmu
2026-06-22 16:01:35,214 [INFO] IPUIPlugin:80 - create IPUIPlugin
2026-06-22 16:01:35,214 [INFO] PluginManager:220 - loadIPPluginJar : add gic
2026-06-22 16:01:35,217 [INFO] IPUIPlugin:80 - create IPUIPlugin
2026-06-22 16:01:35,217 [INFO] PluginManager:220 - loadIPPluginJar : add gpio
2026-06-22 16:01:35,220 [INFO] IPUIPlugin:80 - create IPUIPlugin
2026-06-22 16:01:35,220 [INFO] PluginManager:220 - loadIPPluginJar : add gtzc
2026-06-22 16:01:35,222 [INFO] IPUIPlugin:80 - create IPUIPlugin
2026-06-22 16:01:35,222 [INFO] PluginManager:220 - loadIPPluginJar : add hash
2026-06-22 16:01:35,225 [INFO] IPUIPlugin:80 - create IPUIPlugin
2026-06-22 16:01:35,225 [INFO] PluginManager:220 - loadIPPluginJar : add i2c
2026-06-22 16:01:35,227 [INFO] IPUIPlugin:80 - create IPUIPlugin
2026-06-22 16:01:35,227 [INFO] PluginManager:220 - loadIPPluginJar : add i2s
2026-06-22 16:01:35,231 [INFO] IPUIPlugin:80 - create IPUIPlugin
2026-06-22 16:01:35,231 [INFO] PluginManager:220 - loadIPPluginJar : add i3c
2026-06-22 16:01:35,234 [INFO] IPUIPlugin:80 - create IPUIPlugin
2026-06-22 16:01:35,234 [INFO] PluginManager:220 - loadIPPluginJar : add ipddr
2026-06-22 16:01:35,240 [INFO] IPUIPlugin:80 - create IPUIPlugin
2026-06-22 16:01:35,241 [INFO] PluginManager:220 - loadIPPluginJar : add linkedlist
2026-06-22 16:01:35,245 [INFO] IPUIPlugin:80 - create IPUIPlugin
2026-06-22 16:01:35,245 [INFO] PluginManager:220 - loadIPPluginJar : add lorawan
2026-06-22 16:01:35,246 [INFO] IPUIPlugin:80 - create IPUIPlugin
2026-06-22 16:01:35,246 [INFO] PluginManager:220 - loadIPPluginJar : add ltdc
2026-06-22 16:01:35,251 [INFO] IPUIPlugin:80 - create IPUIPlugin
2026-06-22 16:01:35,252 [INFO] PluginManager:220 - loadIPPluginJar : add mdma
2026-06-22 16:01:35,254 [INFO] IPUIPlugin:80 - create IPUIPlugin
2026-06-22 16:01:35,254 [INFO] PluginManager:220 - loadIPPluginJar : add nvic
2026-06-22 16:01:35,257 [INFO] IPUIPlugin:80 - create IPUIPlugin
2026-06-22 16:01:35,257 [INFO] PluginManager:220 - loadIPPluginJar : add opamp
2026-06-22 16:01:35,259 [INFO] IPUIPlugin:80 - create IPUIPlugin
2026-06-22 16:01:35,259 [INFO] PluginManager:220 - loadIPPluginJar : add openamp
2026-06-22 16:01:35,261 [INFO] IPUIPlugin:80 - create IPUIPlugin
2026-06-22 16:01:35,262 [INFO] PluginManager:220 - loadIPPluginJar : add pdm2pcm
2026-06-22 16:01:35,265 [INFO] IPUIPlugin:80 - create IPUIPlugin
2026-06-22 16:01:35,267 [INFO] PluginManager:220 - loadIPPluginJar : add plateformsettings
2026-06-22 16:01:35,268 [INFO] IPUIPlugin:80 - create IPUIPlugin
2026-06-22 16:01:35,268 [INFO] PluginManager:220 - loadIPPluginJar : add quadspi
2026-06-22 16:01:35,270 [INFO] IPUIPlugin:80 - create IPUIPlugin
2026-06-22 16:01:35,271 [INFO] PluginManager:220 - loadIPPluginJar : add radio
2026-06-22 16:01:35,273 [INFO] IPUIPlugin:80 - create IPUIPlugin
2026-06-22 16:01:35,273 [INFO] PluginManager:220 - loadIPPluginJar : add resmgrutility
2026-06-22 16:01:35,275 [INFO] IPUIPlugin:80 - create IPUIPlugin
2026-06-22 16:01:35,275 [INFO] PluginManager:220 - loadIPPluginJar : add sai
2026-06-22 16:01:35,277 [INFO] IPUIPlugin:80 - create IPUIPlugin
2026-06-22 16:01:35,277 [INFO] PluginManager:220 - loadIPPluginJar : add spi
2026-06-22 16:01:35,281 [INFO] IPUIPlugin:80 - create IPUIPlugin
2026-06-22 16:01:35,281 [INFO] PluginManager:220 - loadIPPluginJar : add stm32_wpan
2026-06-22 16:01:35,282 [INFO] IPUIPlugin:80 - create IPUIPlugin
2026-06-22 16:01:35,282 [INFO] PluginManager:220 - loadIPPluginJar : add tim
2026-06-22 16:01:35,285 [INFO] IPUIPlugin:80 - create IPUIPlugin
2026-06-22 16:01:35,285 [INFO] PluginManager:220 - loadIPPluginJar : add touchsensing
2026-06-22 16:01:35,288 [INFO] IPUIPlugin:80 - create IPUIPlugin
2026-06-22 16:01:35,288 [INFO] PluginManager:220 - loadIPPluginJar : add tracer_emb
2026-06-22 16:01:35,289 [INFO] IPUIPlugin:80 - create IPUIPlugin
2026-06-22 16:01:35,289 [INFO] PluginManager:220 - loadIPPluginJar : add ts
2026-06-22 16:01:35,290 [INFO] IPUIPlugin:80 - create IPUIPlugin
2026-06-22 16:01:35,290 [INFO] PluginManager:220 - loadIPPluginJar : add tsc
2026-06-22 16:01:35,291 [INFO] IPUIPlugin:80 - create IPUIPlugin
2026-06-22 16:01:35,292 [INFO] PluginManager:220 - loadIPPluginJar : add ucpd
2026-06-22 16:01:35,294 [INFO] IPUIPlugin:80 - create IPUIPlugin
2026-06-22 16:01:35,294 [INFO] PluginManager:220 - loadIPPluginJar : add usart
2026-06-22 16:01:35,296 [INFO] IPUIPlugin:80 - create IPUIPlugin
2026-06-22 16:01:35,296 [INFO] PluginManager:220 - loadIPPluginJar : add usbx
2026-06-22 16:01:35,414 [FATAL] Updater:351 - Updater called before beeing initialized
2026-06-22 16:01:35,440 [INFO] RulesReader:64 - Compatibility file has been processed (317 Rules)
2026-06-22 16:01:35,450 [INFO] RulesReader:64 - Compatibility file has been processed (317 Rules)
2026-06-22 16:01:35,460 [INFO] CADModel:165 - CPN selected for project level
2026-06-22 16:01:35,461 [INFO] CADModel:114 - Register for checkConnection events
2026-06-22 16:01:35,461 [FATAL] Updater:351 - Updater called before beeing initialized
2026-06-22 16:01:35,461 [ERROR] CADModel:125 - Updater not yet initialized, retry later 
2026-06-22 16:01:35,599 [FATAL] Updater:351 - Updater called before beeing initialized
2026-06-22 16:01:35,600 [INFO] CADModel:165 - CPN selected for project level
2026-06-22 16:01:35,600 [INFO] CADModel:114 - Register for checkConnection events
2026-06-22 16:01:35,601 [FATAL] Updater:351 - Updater called before beeing initialized
2026-06-22 16:01:35,601 [ERROR] CADModel:125 - Updater not yet initialized, retry later 
2026-06-22 16:01:35,604 [FATAL] Updater:351 - Updater called before beeing initialized
2026-06-22 16:01:35,717 [FATAL] Updater:351 - Updater called before beeing initialized
2026-06-22 16:01:35,720 [INFO] DbMcusAds:53 - JSON generation date=Thu May 28 19:08:17 IDT 2026 (1779984497073)
2026-06-22 16:01:35,721 [FATAL] Updater:351 - Updater called before beeing initialized
2026-06-22 16:01:35,749 [WARN] DetailPanel:346 - Failed to get advertising image, set to default
2026-06-22 16:01:35,859 [FATAL] Updater:351 - Updater called before beeing initialized
2026-06-22 16:01:35,860 [FATAL] Updater:351 - Updater called before beeing initialized
2026-06-22 16:01:35,860 [FATAL] Updater:351 - Updater called before beeing initialized
2026-06-22 16:01:35,861 [WARN] DetailPanel:346 - Failed to get advertising image, set to default
2026-06-22 16:01:35,862 [FATAL] Updater:351 - Updater called before beeing initialized
2026-06-22 16:01:35,900 [ERROR] Updater:1198 - MainUpdater not yet initialized. External WinMGr cannot be set.
2026-06-22 16:01:35,902 [INFO] Updater:1134 - Updater Version found : 6.15.0
2026-06-22 16:01:35,915 [INFO] ApplicationProperties:184 - Using Application install path: C:\ST\STM32CubeIDE_1.19.0\STM32CubeIDE\plugins\com.st.stm32cube.common.mx_6.15.0.202507011659
2026-06-22 16:01:37,485 [ERROR] LogOutputStream:75 - [STDERR_REDIRECT] Jun 22, 2026 4:01:37 PM java.util.prefs.WindowsPreferences <init>
2026-06-22 16:01:37,486 [ERROR] LogOutputStream:75 - [STDERR_REDIRECT] WARNING: Could not open/create prefs root node Software\JavaSoft\Prefs at root 0xffffffff80000002. Windows RegCreateKeyEx(...) returned error code 5.
2026-06-22 16:01:37,486 [ERROR] LogOutputStream:75 - [STDERR_REDIRECT] 
2026-06-22 16:01:37,728 [INFO] ThirdPartyUpdaterWithRetryManager:70 - Updater plugin not ready yet. [2/15]
2026-06-22 16:01:37,840 [INFO] MainUpdater:2872 - connection check result : 10
2026-06-22 16:01:37,841 [INFO] MainUpdater:289 - Updater Check For Update Now.
2026-06-22 16:01:37,841 [INFO] MicroXplorer:498 - Change Database Version : DB.6.0.150
2026-06-22 16:01:37,857 [INFO] McuFinderGlobals:63 - Set McuFinder mode to 2 (CubeIDE integrated)
2026-06-22 16:01:37,858 [INFO] UserAuth:487 - Internet connection configuration mode: 1
2026-06-22 16:01:37,906 [INFO] JxBrowserEngine:152 - Initiate JxBrowser Engine with user profile folder
2026-06-22 16:01:38,034 [INFO] CheckServerUpdateThread:120 - End of CheckServer Thread
2026-06-22 16:01:39,225 [INFO] WebApp:169 - Instantiating new browser for Auth
2026-06-22 16:01:39,340 [ERROR] LogOutputStream:75 - [STDERR_REDIRECT] 
